Empresa:;;;;;EMPRESA PADR«O - PLANO E ACUMULADORES;;;;;;;;;;;;;Folha:;;;0001;
C.N.P.J.:;;;;;02.825.945/0001-78;;;;;;;;;;;;;;;;;
PLANO DE CONTAS;;;;;;;;;;;;;;;;;;;;;;
;;;;;;;;;;;;;;;;;;;;;;
;C¢digo;;T;;;;Classificaá∆o;;;;Nome;;;;;;;;;;;Grau
1;;;S;;;;1;;;;ATIVO;;;;;;;;;;1;
2;;;S;;;;1.1;;;;;ATIVO CIRCULANTE;;;;;;;;;2;
3;;;S;;;;1.1.1;;;;;;DISPON÷VEL;;;;;;;;3;
4;;;S;;;;1.1.1.01;;;;;;;CAIXA;;;;;;;4;
5;;;;;;;1.1.1.01.000001;;;;;;;;CAIXA GERAL;;;;;;5;
6;;;;;;;1.1.1.01.000002;;;;;;;;FUNDO FIXO DE CAIXA;;;;;;5;
7;;;S;;;;1.1.1.02;;;;;;;BANCOS CONTA MOVIMENTO;;;;;;;4;
8;;;;;;;1.1.1.02.000001;;;;;;;;BANCO DO BRASIL;;;;;;5;
9;;;;;;;1.1.1.02.000002;;;;;;;;CAIXA ECON‚MICA FEDERAL;;;;;;5;
536;;;;;;;1.1.1.02.000003;;;;;;;;BANCO ITAU UNIBANCO;;;;;;5;
537;;;;;;;1.1.1.02.000004;;;;;;;;BANCO BRADESCO;;;;;;5;
539;;;;;;;1.1.1.02.000005;;;;;;;;BANCO SANTANDER;;;;;;5;
601;;;;;;;1.1.1.02.000006;;;;;;;;BANCO DOMINIO CONTA DIGITAL;;;;;;5;
726;;;;;;;1.1.1.02.000007;;;;;;;;BANCO INTER;;;;;;5;
727;;;;;;;1.1.1.02.000008;;;;;;;;BANCO NUBANK;;;;;;5;
808;;;;;;;1.1.1.02.000009;;;;;;;;BANCO ***;;;;;;5;
809;;;;;;;1.1.1.02.000010;;;;;;;;BANCO ***;;;;;;5;
810;;;;;;;1.1.1.02.000011;;;;;;;;BANCO ***;;;;;;5;
811;;;;;;;1.1.1.02.000012;;;;;;;;BANCO ***;;;;;;5;
812;;;;;;;1.1.1.02.000013;;;;;;;;BANCO ***;;;;;;5;
813;;;;;;;1.1.1.02.000014;;;;;;;;BANCO ***;;;;;;5;
814;;;;;;;1.1.1.02.000015;;;;;;;;BANCO ***;;;;;;5;
815;;;;;;;1.1.1.02.000016;;;;;;;;BANCO ***;;;;;;5;
816;;;;;;;1.1.1.02.000017;;;;;;;;BANCO ***;;;;;;5;
817;;;;;;;1.1.1.02.000018;;;;;;;;BANCO ***;;;;;;5;
818;;;;;;;1.1.1.02.000019;;;;;;;;BANCO ***;;;;;;5;
819;;;;;;;1.1.1.02.000020;;;;;;;;BANCO ***;;;;;;5;
1034;;;;;;;1.1.1.02.000021;;;;;;;;BANCO ***;;;;;;5;
1035;;;;;;;1.1.1.02.000022;;;;;;;;BANCO ***;;;;;;5;
1036;;;;;;;1.1.1.02.000023;;;;;;;;BANCO ***;;;;;;5;
1037;;;;;;;1.1.1.02.000024;;;;;;;;BANCO ***;;;;;;5;
1038;;;;;;;1.1.1.02.000025;;;;;;;;BANCO ***;;;;;;5;
10;;;S;;;;1.1.1.03;;;;;;;APLICAÄÂES FINANCEIRAS LIQUIDEZ IMEDIATA;;;;;;;4;
11;;;;;;;1.1.1.03.000001;;;;;;;;APLICAÄ«O BANCO DO BRASIL;;;;;;5;
602;;;;;;;1.1.1.03.000002;;;;;;;;APLICAÄ«O CAIXA ECON‚MICA FEDERAL;;;;;;5;
603;;;;;;;1.1.1.03.000003;;;;;;;;APLICAÄ«O BANCO ITAU UNIBANCO;;;;;;5;
604;;;;;;;1.1.1.03.000004;;;;;;;;APLICAÄ«O BANCO BRADESCO;;;;;;5;
605;;;;;;;1.1.1.03.000005;;;;;;;;APLICAÄ«O BANCO SANTANDER;;;;;;5;
728;;;;;;;1.1.1.03.000006;;;;;;;;APLICAÄ«O BANCO INTER;;;;;;5;
729;;;;;;;1.1.1.03.000007;;;;;;;;APLICAÄ«O BANCO NUBANK;;;;;;5;
820;;;;;;;1.1.1.03.000008;;;;;;;;APLICACAO BANCO ***;;;;;;5;
821;;;;;;;1.1.1.03.000009;;;;;;;;APLICACAO BANCO ***;;;;;;5;
822;;;;;;;1.1.1.03.000010;;;;;;;;APLICACAO BANCO ***;;;;;;5;
823;;;;;;;1.1.1.03.000011;;;;;;;;APLICACAO BANCO ***;;;;;;5;
824;;;;;;;1.1.1.03.000012;;;;;;;;APLICACAO BANCO ***;;;;;;5;
825;;;;;;;1.1.1.03.000013;;;;;;;;APLICACAO BANCO ***;;;;;;5;
826;;;;;;;1.1.1.03.000014;;;;;;;;APLICACAO BANCO ***;;;;;;5;
827;;;;;;;1.1.1.03.000015;;;;;;;;APLICACAO BANCO ***;;;;;;5;
828;;;;;;;1.1.1.03.000016;;;;;;;;APLICACAO BANCO ***;;;;;;5;
829;;;;;;;1.1.1.03.000017;;;;;;;;APLICACAO BANCO ***;;;;;;5;
830;;;;;;;1.1.1.03.000018;;;;;;;;APLICACAO BANCO ***;;;;;;5;
831;;;;;;;1.1.1.03.000019;;;;;;;;APLICACAO BANCO ***;;;;;;5;
832;;;;;;;1.1.1.03.000020;;;;;;;;APLICACAO BANCO ***;;;;;;5;
771;;;;;;;1.1.1.03.000200;;;;;;;;TITULO DE CAPITALIZACAO ;;;;;;5;
1024;;;S;;;;1.1.1.04;;;;;;;(-) RECEITA FINANCEIRA APLICAÄ«O APROPRIAR;;;;;;;4;
780;;;;;;;1.1.1.04.000101;;;;;;;;(-) RECEITA FIN APROPRIAR - APLIC BANCO BRASIL ;;;;;;5;
781;;;;;;;1.1.1.04.000102;;;;;;;;(-) RECEITA FIN APROPRIAR - APLIC CAIXA ;;;;;;5;
766;;;;;;;1.1.1.04.000103;;;;;;;;(-) RECEITA FIN APROPRIAR - APLIC ITAU;;;;;;5;
767;;;;;;;1.1.1.04.000104;;;;;;;;(-) RECEITA FIN APROPRIAR - APLIC BRADESCO;;;;;;5;
768;;;;;;;1.1.1.04.000105;;;;;;;;(-) RECEITA FIN APROPRIAR - APLIC SANTANDER;;;;;;5;
769;;;;;;;1.1.1.04.000106;;;;;;;;(-) RECEITA FIN APROPRIAR - APLIC INTER;;;;;;5;
770;;;;;;;1.1.1.04.000107;;;;;;;;(-) RECEITA FIN APROPRIAR - APLIC NUBANK;;;;;;5;
833;;;;;;;1.1.1.04.000108;;;;;;;;(-) RECEITA FIN APROPRIAR - APLIC ***;;;;;;5;
834;;;;;;;1.1.1.04.000109;;;;;;;;(-) RECEITA FIN APROPRIAR - APLIC ***;;;;;;5;
835;;;;;;;1.1.1.04.000110;;;;;;;;(-) RECEITA FIN APROPRIAR - APLIC ***;;;;;;5;
836;;;;;;;1.1.1.04.000111;;;;;;;;(-) RECEITA FIN APROPRIAR - APLIC ***;;;;;;5;
837;;;;;;;1.1.1.04.000112;;;;;;;;(-) RECEITA FIN APROPRIAR - APLIC ***;;;;;;5;
838;;;;;;;1.1.1.04.000113;;;;;;;;(-) RECEITA FIN APROPRIAR - APLIC ***;;;;;;5;
839;;;;;;;1.1.1.04.000114;;;;;;;;(-) RECEITA FIN APROPRIAR - APLIC ***;;;;;;5;
840;;;;;;;1.1.1.04.000115;;;;;;;;(-) RECEITA FIN APROPRIAR - APLIC ***;;;;;;5;
841;;;;;;;1.1.1.04.000116;;;;;;;;(-) RECEITA FIN APROPRIAR - APLIC ***;;;;;;5;
842;;;;;;;1.1.1.04.000117;;;;;;;;(-) RECEITA FIN APROPRIAR - APLIC ***;;;;;;5;
843;;;;;;;1.1.1.04.000118;;;;;;;;(-) RECEITA FIN APROPRIAR - APLIC ***;;;;;;5;
844;;;;;;;1.1.1.04.000119;;;;;;;;(-) RECEITA FIN APROPRIAR - APLIC ***;;;;;;5;
845;;;;;;;1.1.1.04.000120;;;;;;;;(-) RECEITA FIN APROPRIAR - APLIC ***;;;;;;5;
759;;;S;;;;1.1.1.05;;;;;;;NUMERµRIOS EM TR«NSITO;;;;;;;4;
760;;;;;;;1.1.1.05.000001;;;;;;;;NUMERµRIOS EM TR«NSITO;;;;;;5;
901;;;;;;;1.1.1.05.000002;;;;;;;;(-) NUMERµRIOS EM TRANSITO ***;;;;;;5;
902;;;;;;;1.1.1.05.000003;;;;;;;;(-) NUMERµRIOS EM TRANSITO ***;;;;;;5;
12;;;S;;;;1.1.2;;;;;;CLIENTES;;;;;;;;3;
13;;;S;;;;1.1.2.01;;;;;;;DUPLICATAS A RECEBER;;;;;;;4;
16;;;S;;;;1.1.2.02;;;;;;;(-) DUPLICATAS DESCONTADAS;;;;;;;4;
886;;;;;;;1.1.2.02.001;;;;;;;;(-) DUPLICATAS DESCONTADAS;;;;;;5;
17;;;S;;;;1.1.2.03;;;;;;;CRêDITOS VENCIDOS E N«O LIQUIDADOS;;;;;;;4;
18;;;S;;;;1.1.3;;;;;;OUTROS CRêDITOS;;;;;;;;3;
19;;;S;;;;1.1.3.01;;;;;;;BANCOS CONTA VINCULADA;;;;;;;4;
928;;;;;;;1.1.3.01.001;;;;;;;;CHEQUE EM COBRANCA ;;;;;;5;
20;;;S;;;;1.1.3.02;;;;;;;T÷TULOS A RECEBER;;;;;;;4;
21;;;S;;;;1.1.3.03;;;;;;;CHEQUES EM COBRANÄA;;;;;;;4;
22;;;S;;;;1.1.3.04;;;;;;;OUTROS CREDITOS;;;;;;;4;
520;;;;;;;1.1.3.04.000001;;;;;;;;DIVIDENDOS A RECEBER;;;;;;5;
803;;;;;;;1.1.3.04.000002;;;;;;;;******;;;;;;5;
1010;;;;;;;1.1.3.04.000003;;;;;;;;CAUCAO ALUGUEL ;;;;;;5;
1023;;;;;;;1.1.3.04.000004;;;;;;;;DEPOSITOS JUDICIAIS;;;;;;5;
1028;;;;;;;1.1.3.04.000005;;;;;;;;"ANTECIPACAO DE LUCROS SOCIO ""A""";;;;;;5;
1029;;;;;;;1.1.3.04.000006;;;;;;;;"ANTECIPACAO DE LUCROS SOCIO ""B""";;;;;;5;
1030;;;;;;;1.1.3.04.000007;;;;;;;;"ANTECIPACAO DE LUCROS SOCIO ""C""";;;;;;5;
1031;;;;;;;1.1.3.04.000008;;;;;;;;"ANTECIPACAO DE LUCROS SOCIO ""D""";;;;;;5;
1032;;;;;;;1.1.3.04.000009;;;;;;;;"ANTECIPACAO DE LUCROS SOCIO ""E""";;;;;;5;
1033;;;;;;;1.1.3.04.000010;;;;;;;;"ANTECIPACAO DE LUCROS SOCIO ""F""";;;;;;5;
23;;;S;;;;1.1.3.05;;;;;;;ADIANTAMENTOS A FORNECEDORES;;;;;;;4;
527;;;;;;;1.1.3.05.000001;;;;;;;;ADIANTAMENTOS A FORNECEDORES;;;;;;5;
984;;;;;;;1.1.3.05.000002;;;;;;;;SIMPLES FATURAMENTO;;;;;;5;
24;;;S;;;;1.1.3.06;;;;;;;ADIANTAMENTO A EMPREGADOS;;;;;;;4;
25;;;;;;;1.1.3.06.000001;;;;;;;;ADIANTAMENTO DE SALµRIO;;;;;;5;
26;;;;;;;1.1.3.06.000002;;;;;;;;ADIANTAMENTO DE 13ß SALµRIO;;;;;;5;
606;;;;;;;1.1.3.06.000003;;;;;;;;ADIANTAMENTOS DE FêRIAS;;;;;;5;
779;;;;;;;1.1.3.06.000004;;;;;;;;OUTROS ADIANTAMENTOS;;;;;;5;
27;;;S;;;;1.1.3.07;;;;;;;EMPRêSTIMO A EMPREGADOS;;;;;;;4;
899;;;;;;;1.1.3.07.000001;;;;;;;;EMPRESTIMO EMPREGADO;;;;;;5;
28;;;S;;;;1.1.3.08;;;;;;;TRIBUTOS A RECUPERAR/COMPENSAR;;;;;;;4;
29;;;;;;;1.1.3.08.000001;;;;;;;;IPI A RECUPERAR;;;;;;5;
30;;;;;;;1.1.3.08.000002;;;;;;;;ICMS A RECUPERAR;;;;;;5;
31;;;;;;;1.1.3.08.000003;;;;;;;;IRRF A RECUPERAR;;;;;;5;
32;;;;;;;1.1.3.08.000004;;;;;;;;IMPOSTO DE RENDA PAGO POR ESTIMATIVA;;;;;;5;
33;;;;;;;1.1.3.08.000005;;;;;;;;CONTRIBUIÄ«O SOCIAL PAGA ESTIMATIVA;;;;;;5;
34;;;;;;;1.1.3.08.000006;;;;;;;;TRIBUTOS PAGOS A MAIOR OU INDEVIDAMENTE;;;;;;5;
35;;;;;;;1.1.3.08.000007;;;;;;;;CONTRIBUIÄ«O SOCIAL RETIDO A COMPENSAR;;;;;;5;
36;;;;;;;1.1.3.08.000008;;;;;;;;COFINS RETIDO A COMPENSAR;;;;;;5;
37;;;;;;;1.1.3.08.000009;;;;;;;;PIS RETIDO A COMPENSAR;;;;;;5;
38;;;;;;;1.1.3.08.000010;;;;;;;;INSS A COMPENSAR;;;;;;5;
39;;;;;;;1.1.3.08.000011;;;;;;;;B‚NUS DE ADIMPL“NCIA FISCAL A COMPENSAR;;;;;;5;
40;;;;;;;1.1.3.08.000012;;;;;;;;COFINS A RECUPERAR;;;;;;5;
41;;;;;;;1.1.3.08.000013;;;;;;;;PIS A RECUPERAR;;;;;;5;
42;;;;;;;1.1.3.08.000014;;;;;;;;COFINS A RECUPERAR - CRêDITO PRESUMIDO;;;;;;5;
43;;;;;;;1.1.3.08.000015;;;;;;;;PIS RECUPERAR - CRêDITO PRESUMIDO;;;;;;5;
476;;;;;;;1.1.3.08.000016;;;;;;;;ISS A RECUPERAR;;;;;;5;
596;;;;;;;1.1.3.08.000017;;;;;;;;TRIBUTOS FEDERAIS A COMPENSAR (DCTF Web);;;;;;5;
607;;;;;;;1.1.3.08.000018;;;;;;;;SALDO NEGATIVO IRPJ;;;;;;5;
608;;;;;;;1.1.3.08.000019;;;;;;;;SALDO NEGATIVO CSLL;;;;;;5;
609;;;;;;;1.1.3.08.000020;;;;;;;;PIS SOBRE IMOBILIZADO;;;;;;5;
610;;;;;;;1.1.3.08.000021;;;;;;;;COFINS SOBRE IMOBILIZADO;;;;;;5;
44;;;S;;;;1.1.3.09;;;;;;;JUROS SOBRE O CAPITAL PR‡PRIO;;;;;;;4;
45;;;;;;;1.1.3.09.000001;;;;;;;;JUROS SOBRE O CAPITAL PR‡PRIO A RECEBER;;;;;;5;
804;;;S;;;;1.1.3.10;;;;;;;IMPORTAÄÂES EM ANDAMENTO;;;;;;;4;
805;;;;;;;1.1.3.10.001;;;;;;;;ADIANTAMENTO PROCESSO DE IMPORTACAO;;;;;;5;
903;;;S;;;;1.1.3.11;;;;;;;CREDITOS;;;;;;;4;
904;;;;;;;1.1.3.11.000001;;;;;;;;RESERVA CARTAO DE CREDITO ;;;;;;5;
905;;;;;;;1.1.3.11.000002;;;;;;;;******;;;;;;5;
906;;;;;;;1.1.3.11.000003;;;;;;;;******;;;;;;5;
907;;;;;;;1.1.3.11.000004;;;;;;;;******;;;;;;5;
46;;;S;;;;1.1.4;;;;;;APLICAÄÂES FINANCEIRAS;;;;;;;;3;
47;;;S;;;;1.1.4.01;;;;;;;APLICAÄÂES FINANCEIRAS REND. PREFIXADOS;;;;;;;4;
48;;;;;;;1.1.4.01.000001;;;;;;;;APLICAÄÂES BANCO DO BRASIL;;;;;;5;
49;;;S;;;;1.1.4.02;;;;;;;AÄÂES;;;;;;;4;
1027;;;;;;;1.1.4.02.000001;;;;;;;;*********;;;;;;5;
50;;;S;;;;1.1.4.03;;;;;;;DEB“NTURES;;;;;;;4;
51;;;;;;;1.1.4.03.000001;;;;;;;;VALOR NOMINAL;;;;;;5;
52;;;;;;;1.1.4.03.000002;;;;;;;;(-) DESµGIO A APROPRIAR;;;;;;5;
53;;;S;;;;1.1.5;;;;;;ESTOQUE;;;;;;;;3;
54;;;S;;;;1.1.5.01;;;;;;;MERCADORIAS, PRODUTOS E INSUMOS;;;;;;;4;
55;;;;;;;1.1.5.01.000001;;;;;;;;MERCADORIAS PARA REVENDA;;;;;;5;
56;;;;;;;1.1.5.01.000002;;;;;;;;MATêRIA-PRIMA;;;;;;5;
57;;;;;;;1.1.5.01.000003;;;;;;;;MATERIAL DE ACONDICIONAMENTO;;;;;;5;
58;;;;;;;1.1.5.01.000004;;;;;;;;OUTROS MATERIAIS DE CONSUMO ;;;;;;5;
59;;;;;;;1.1.5.01.000005;;;;;;;;PRODUTOS ACABADOS;;;;;;5;
60;;;;;;;1.1.5.01.000006;;;;;;;;PRODUTOS EM ELABORAÄ«O;;;;;;5;
611;;;;;;;1.1.5.01.000007;;;;;;;;IMPORTAÄ«O EM ANDAMENTO;;;;;;5;
612;;;;;;;1.1.5.01.000008;;;;;;;;IMOVEIS PARA REVENDA;;;;;;5;
613;;;;;;;1.1.5.01.000009;;;;;;;;ESTOQUE EM PODER DE TERCEIROS;;;;;;5;
61;;;S;;;;1.1.5.02;;;;;;;ALMOXARIFADO;;;;;;;4;
62;;;;;;;1.1.5.02.000001;;;;;;;;ALMOXARIFADO DE MANUTENÄ«O;;;;;;5;
63;;;;;;;1.1.5.02.000002;;;;;;;;ALMOXARIFADO ADMINISTRATIVO;;;;;;5;
64;;;S;;;;1.1.5.03;;;;;;;(-) PROVIS«O PARA AJUSTES DO ESTOQUE;;;;;;;4;
614;;;S;;;;1.1.5.05;;;;;;;ESTOQUE EM PODER DE TERCEIROS;;;;;;;4;
615;;;;;;;1.1.5.05.000001;;;;;;;;INDUSTRIALIZAÄ«O;;;;;;5;
616;;;;;;;1.1.5.05.000002;;;;;;;;COMODATO;;;;;;5;
617;;;;;;;1.1.5.05.000003;;;;;;;;CONSERTO;;;;;;5;
618;;;;;;;1.1.5.05.000004;;;;;;;;FEIRAS E EVENTOS;;;;;;5;
619;;;;;;;1.1.5.05.000005;;;;;;;;DEMONSTRAÄ«O;;;;;;5;
888;;;S;;;;1.1.5.06;;;;;;;OBRAS EM ANDAMENTO ;;;;;;;4;
889;;;;;;;1.1.5.06.000001;;;;;;;;IMOVEL *****;;;;;;5;
890;;;;;;;1.1.5.06.000002;;;;;;;;IMOVEL *****;;;;;;5;
891;;;;;;;1.1.5.06.000003;;;;;;;;IMOVEL *****;;;;;;5;
892;;;;;;;1.1.5.06.000004;;;;;;;;IMOVEL *****;;;;;;5;
893;;;;;;;1.1.5.06.000005;;;;;;;;IMOVEL *****;;;;;;5;
894;;;;;;;1.1.5.06.000006;;;;;;;;IMOVEL *****;;;;;;5;
895;;;;;;;1.1.5.06.000007;;;;;;;;IMOVEL *****;;;;;;5;
896;;;;;;;1.1.5.06.000008;;;;;;;;IMOVEL *****;;;;;;5;
897;;;;;;;1.1.5.06.000009;;;;;;;;IMOVEL *****;;;;;;5;
898;;;;;;;1.1.5.06.000010;;;;;;;;IMOVEL *****;;;;;;5;
65;;;S;;;;1.1.6;;;;;;DESPESAS PAGAS ANTECIPADAMENTE;;;;;;;;3;
66;;;S;;;;1.1.6.01;;;;;;;DESPESAS DE MESES SEGUINTES;;;;;;;4;
67;;;;;;;1.1.6.01.000001;;;;;;;;PR“MIOS DE SEGUROS A APROPRIAR;;;;;;5;
68;;;;;;;1.1.6.01.000002;;;;;;;;ASSINATURAS E ANUIDADES;;;;;;5;
620;;;;;;;1.1.6.01.000003;;;;;;;;JUROS A APROPRIAR;;;;;;5;
621;;;;;;;1.1.6.01.000004;;;;;;;;EMPRêSTIMOS;;;;;;5;
501;;;S;;;;1.2;;;;;ATIVO N«O-CIRCULANTE;;;;;;;;;2;
69;;;S;;;;1.2.1;;;;;;ATIVO REALIZµVEL A LONGO PRAZO;;;;;;;;3;
70;;;S;;;;1.2.1.01;;;;;;;CLIENTES;;;;;;;4;
74;;;S;;;;1.2.1.02;;;;;;;(-) DUPLICATAS DESCONTADAS;;;;;;;4;
75;;;S;;;;1.2.1.03;;;;;;;(-) CRêDITOS VENCIDOS E N«O LIQUIDADOS;;;;;;;4;
76;;;S;;;;1.2.2;;;;;;OUTROS CRêDITOS;;;;;;;;3;
77;;;S;;;;1.2.2.01;;;;;;;T÷TULOS A RECEBER;;;;;;;4;
78;;;S;;;;1.2.2.02;;;;;;;BANCOS CONTA VINCULADA;;;;;;;4;
79;;;S;;;;1.2.2.03;;;;;;;CONTROLADORA, CONTROLADAS E COLIGADAS;;;;;;;4;
80;;;S;;;;1.2.2.04;;;;;;;S‡CIOS, ADMINISTRADORES E PESSOAS LIGADA;;;;;;;4;
81;;;S;;;;1.2.2.05;;;;;;;APLICAÄÂES FINANCEIRAS;;;;;;;4;
952;;;;;;;1.2.2.05.000001;;;;;;;;APLICAÄ«O ******;;;;;;5;
953;;;;;;;1.2.2.05.000002;;;;;;;;APLICAÄ«O ******;;;;;;5;
954;;;;;;;1.2.2.05.000003;;;;;;;;APLICAÄ«O ******;;;;;;5;
955;;;;;;;1.2.2.05.000004;;;;;;;;APLICAÄ«O ******;;;;;;5;
956;;;;;;;1.2.2.05.000005;;;;;;;;APLICAÄ«O ******;;;;;;5;
957;;;;;;;1.2.2.05.000006;;;;;;;;APLICAÄ«O ******;;;;;;5;
958;;;;;;;1.2.2.05.000007;;;;;;;;APLICAÄ«O ******;;;;;;5;
959;;;;;;;1.2.2.05.000008;;;;;;;;APLICAÄ«O ******;;;;;;5;
960;;;;;;;1.2.2.05.000009;;;;;;;;APLICAÄ«O ******;;;;;;5;
961;;;;;;;1.2.2.05.000010;;;;;;;;APLICAÄ«O ******;;;;;;5;
962;;;;;;;1.2.2.05.000101;;;;;;;;(-) RECEITA FIN APROPRIAR - ******;;;;;;5;
963;;;;;;;1.2.2.05.000102;;;;;;;;(-) RECEITA FIN APROPRIAR - ******;;;;;;5;
964;;;;;;;1.2.2.05.000103;;;;;;;;(-) RECEITA FIN APROPRIAR - ******;;;;;;5;
965;;;;;;;1.2.2.05.000104;;;;;;;;(-) RECEITA FIN APROPRIAR - ******;;;;;;5;
966;;;;;;;1.2.2.05.000105;;;;;;;;(-) RECEITA FIN APROPRIAR - ******;;;;;;5;
967;;;;;;;1.2.2.05.000106;;;;;;;;(-) RECEITA FIN APROPRIAR - ******;;;;;;5;
968;;;;;;;1.2.2.05.000107;;;;;;;;(-) RECEITA FIN APROPRIAR - ******;;;;;;5;
969;;;;;;;1.2.2.05.000108;;;;;;;;(-) RECEITA FIN APROPRIAR - ******;;;;;;5;
970;;;;;;;1.2.2.05.000109;;;;;;;;(-) RECEITA FIN APROPRIAR - ******;;;;;;5;
971;;;;;;;1.2.2.05.000110;;;;;;;;(-) RECEITA FIN APROPRIAR - ******;;;;;;5;
82;;;S;;;;1.2.2.06;;;;;;;DEP‡SITOS JUDICIAIS;;;;;;;4;
83;;;S;;;;1.2.2.07;;;;;;;EMPRêSTIMOS COMPULS‡RIOS;;;;;;;4;
772;;;;;;;1.2.2.07.0001;;;;;;;;DEVEDORES DIVERSOS;;;;;;5;
84;;;S;;;;1.2.2.08;;;;;;;TRIBUTOS A RECUPERAR;;;;;;;4;
85;;;S;;;;1.2.2.09;;;;;;;DESPESAS PAGAS ANTECIPADAS;;;;;;;4;
86;;;S;;;;1.2.2.10;;;;;;;DEP‡SITOS POR INCENTIVOS FISCAIS;;;;;;;4;
773;;;S;;;;1.2.2.11;;;;;;;CONSORCIOS;;;;;;;4;
774;;;;;;;1.2.2.11.001;;;;;;;;CONSORCIO BANCO X;;;;;;5;
88;;;S;;;;1.2.3;;;;;;INVESTIMENTOS;;;;;;;;3;
89;;;S;;;;1.2.3.01;;;;;;;CONTROLADAS E COLIGADAS - EQUIV. PATRIM.;;;;;;;4;
90;;;;;;;1.2.3.01.000001;;;;;;;;CONTROLADA A - VALOR PATRIMONIAL;;;;;;5;
91;;;;;;;1.2.3.01.000002;;;;;;;;CONTROLADA A - µGIO AQUISIÄ«O;;;;;;5;
92;;;;;;;1.2.3.01.000003;;;;;;;;(-) CONTROLADA A - AMORTIZAÄ«O DO µGIL;;;;;;5;
93;;;;;;;1.2.3.01.000004;;;;;;;;(-) CONTROLADA A - DESµGIO NA AQUISIÄ«O;;;;;;5;
94;;;;;;;1.2.3.01.000005;;;;;;;;CONTROLADA A - AMORTIZAÄ«O DO DESµGIO;;;;;;5;
95;;;S;;;;1.2.3.02;;;;;;;CONTROLADAS E COLIGADAS CUSTO CORRIGIDO;;;;;;;4;
96;;;S;;;;1.2.3.03;;;;;;;OUTRAS PARTICIPAÄÂES SOCIETµRIAS;;;;;;;4;
97;;;S;;;;1.2.3.04;;;;;;;PARTICIPAÄÂES POR INCENTIVOS FISCAIS;;;;;;;4;
98;;;;;;;1.2.3.04.000001;;;;;;;;FINOR;;;;;;5;
99;;;;;;;1.2.3.04.000002;;;;;;;;FINAM;;;;;;5;
100;;;S;;;;1.2.3.05;;;;;;;OUTROS CREDITOS LP;;;;;;;4;
1011;;;S;;;;1.2.3.05.000001;;;;;;;;CAUCAO ALUGUEL;;;;;;5;
101;;;S;;;;1.2.3.06;;;;;;;OUTROS INVESTIMENTOS PERMANENTES;;;;;;;4;
102;;;;;;;1.2.3.06.000001;;;;;;;;OBJETOS DE ARTE;;;;;;5;
103;;;;;;;1.2.3.06.000002;;;;;;;;CAUÄÂES PERMANENTES;;;;;;5;
920;;;;;;;1.2.3.06.000003;;;;;;;;*******;;;;;;5;
921;;;;;;;1.2.3.06.000004;;;;;;;;*******;;;;;;5;
922;;;;;;;1.2.3.06.000005;;;;;;;;*******;;;;;;5;
923;;;;;;;1.2.3.06.000006;;;;;;;;*******;;;;;;5;
924;;;;;;;1.2.3.06.000007;;;;;;;;*******;;;;;;5;
104;;;S;;;;1.2.3.07;;;;;;;(-) PROVIS«O PARA PERDAS PERMANENTE;;;;;;;4;
105;;;;;;;1.2.3.07.000001;;;;;;;;(-) CONTROLADAS E COLIGADAS EQUI. PATRIM;;;;;;5;
106;;;;;;;1.2.3.07.000002;;;;;;;;(-) CONTROLADAS COLIGADAS CUSTO CORRIGID;;;;;;5;
107;;;;;;;1.2.3.07.000003;;;;;;;;(-) OUTRAS PARTICIPAÄÂES SOCIETµRIAS;;;;;;5;
108;;;;;;;1.2.3.07.000004;;;;;;;;(-) PARTICIPAÄÂES POR INCENTIVOS FISCAIS;;;;;;5;
109;;;;;;;1.2.3.07.000005;;;;;;;;(-) IM‡VEIS N«O DESTINADOS A USO;;;;;;5;
110;;;;;;;1.2.3.07.000006;;;;;;;;(-) OUTROS INVESTIMENTOS PERMANENTES;;;;;;5;
111;;;S;;;;1.2.4;;;;;;IMOBILIZADO;;;;;;;;3;
112;;;S;;;;1.2.4.01;;;;;;;IM‡VEIS;;;;;;;4;
113;;;;;;;1.2.4.01.000001;;;;;;;;TERRENOS;;;;;;5;
114;;;;;;;1.2.4.01.000002;;;;;;;;EDIF÷CIOS;;;;;;5;
115;;;;;;;1.2.4.01.000003;;;;;;;;CONSTRUÄÂES;;;;;;5;
116;;;S;;;;1.2.4.02;;;;;;;M‡VEIS E UTENS÷LIOS;;;;;;;4;
117;;;;;;;1.2.4.02.000001;;;;;;;;M‡VEIS E UTENS÷LIOS;;;;;;5;
118;;;S;;;;1.2.4.03;;;;;;;MµQUINAS, EQUIPAMENTOS E FERRAMENTAS;;;;;;;4;
119;;;;;;;1.2.4.03.000001;;;;;;;;MµQUINAS E EQUIPAMENTOS;;;;;;5;
540;;;;;;;1.2.4.03.000002;;;;;;;;FERRAMENTAS E ACESSORIOS;;;;;;5;
120;;;S;;;;1.2.4.04;;;;;;;VE÷CULOS;;;;;;;4;
121;;;;;;;1.2.4.04.000001;;;;;;;;VE÷CULOS;;;;;;5;
122;;;S;;;;1.2.4.05;;;;;;;OUTRAS IMOBILIZACOES;;;;;;;4;
542;;;;;;;1.2.4.05.000001;;;;;;;;COMPUTADORES E ACESSORIOS;;;;;;5;
544;;;;;;;1.2.4.05.000002;;;;;;;;INSTALAÄÂES;;;;;;5;
548;;;;;;;1.2.4.05.000003;;;;;;;;BENF. EM MOVEIS DE TERC;;;;;;5;
622;;;;;;;1.2.4.05.000004;;;;;;;;EMBARCAÄÂES;;;;;;5;
623;;;;;;;1.2.4.05.000005;;;;;;;;AERONAVES;;;;;;5;
124;;;S;;;;1.2.4.06;;;;;;;IMOBILIZADO EM ANDAMENTO;;;;;;;4;
1018;;;;;;;1.2.4.06.000001;;;;;;;;CONSORCIO N«O CONTEMPLADO;;;;;;5;
125;;;S;;;;1.2.4.07;;;;;;;(-) DEPRECIAÄÂES, AMORT. E EXAUS. ACUMUL;;;;;;;4;
126;;;;;;;1.2.4.07.000001;;;;;;;;(-) DEPRECIAÄÂES DE EDIF÷CIOS;;;;;;5;
127;;;;;;;1.2.4.07.000002;;;;;;;;(-) DEPRECIAÄÂES DE M‡VEIS E UTENS÷LIOS;;;;;;5;
128;;;;;;;1.2.4.07.000003;;;;;;;;(-) DEPRECIAÄÂES DE MµQUINAS, EQUIP. FER;;;;;;5;
129;;;;;;;1.2.4.07.000004;;;;;;;;(-) DEPRECIAÄÂES DE VE÷CULOS;;;;;;5;
130;;;;;;;1.2.4.07.000005;;;;;;;;(-) EXAUSTÂES E DEPREC. DE REC. NATURAIS;;;;;;5;
131;;;;;;;1.2.4.07.000006;;;;;;;;(-) AMORTIZAÄ«O DE MARCAS, DIR. PATENTES;;;;;;5;
541;;;;;;;1.2.4.07.000007;;;;;;;;(-) DEPREC. FERRAMENTAS E ACESSORIOS;;;;;;5;
543;;;;;;;1.2.4.07.000008;;;;;;;;(-) DEPREC. COMPUTADORES E ACESSORIOS;;;;;;5;
545;;;;;;;1.2.4.07.000009;;;;;;;;(-) DEPREC. INSTALAÄÂES;;;;;;5;
547;;;;;;;1.2.4.07.000010;;;;;;;;(-) AMORTIZ. SOFTWARE;;;;;;5;
549;;;;;;;1.2.4.07.000011;;;;;;;;(-) AMORTIZ.BENF. EM MOVEIS DE TERC;;;;;;5;
624;;;;;;;1.2.4.07.000012;;;;;;;;(-)DEPRECIAÄÂES DE EMBARCAÄÂES;;;;;;5;
625;;;;;;;1.2.4.07.000013;;;;;;;;(-)DEPRECIAÄÂES DE  AERONAVES;;;;;;5;
1019;;;;;;;1.2.4.08;;;;;;;BENS PARA LOCACAO ;;;;;;;4;
1020;;;;;;;1.2.4.08.000001;;;;;;;;BENS PARA LOCACAO;;;;;;5;
1021;;;;;;;1.2.4.09;;;;;;;(-) DEPRECIAÄÂES, AMORT. E EXAUS. ACUMUL;;;;;;;4;
1022;;;;;;;1.2.4.09.000001;;;;;;;;(-) DEPRECIACOES DE BENS PARA LOCACAO;;;;;;5;
502;;;S;;;;1.2.5;;;;;;INTANG÷VEL;;;;;;;;3;
123;;;S;;;;1.2.5.01;;;;;;;MARCAS, DIREITOS E PATENTES;;;;;;;4;
546;;;;;;;1.2.5.01.000001;;;;;;;;SOFTWARES;;;;;;5;
626;;;;;;;1.2.5.01.000002;;;;;;;;MARCAS E PATENTES;;;;;;5;
627;;;S;;;;1.2.5.02;;;;;;;(-) AMORTIZAÄÂES ACUMULADAS;;;;;;;4;
149;;;S;;;;2;;;;PASSIVO;;;;;;;;;;1;
150;;;S;;;;2.1;;;;;PASSIVO CIRCULANTE;;;;;;;;;2;
382;;;S;;;;2.1.1;;;;;;EMPRêSTIMOS E FINANCIAMENTOS;;;;;;;;3;
151;;;S;;;;2.1.1.01;;;;;;;EMPRêSTIMOS;;;;;;;4;
152;;;;;;;2.1.1.01.000001;;;;;;;;EMPRêSTIMO BANCO BRASIL;;;;;;5;
764;;;;;;;2.1.1.01.000002;;;;;;;;EMPRêSTIMO BANCO ITAÈ;;;;;;5;
858;;;;;;;2.1.1.01.000003;;;;;;;;EMPRêSTIMO BANCO CAIXA;;;;;;5;
860;;;;;;;2.1.1.01.000004;;;;;;;;EMPRESTIMO *****;;;;;;5;
862;;;;;;;2.1.1.01.000005;;;;;;;;EMPRESTIMO *****;;;;;;5;
848;;;;;;;2.1.1.01.000100;;;;;;;;CONTA CORRENTE SALDO NEGATIVO;;;;;;5;
765;;;;;;;2.1.1.01.000101;;;;;;;;(-) JUROS A APROPRIAR BANCO ITAÈ;;;;;;5;
847;;;;;;;2.1.1.01.000102;;;;;;;;(-) JUROS A APROPRIAR BANCO BRASIL ;;;;;;5;
859;;;;;;;2.1.1.01.000103;;;;;;;;(-) JUROS A APROPRIAR BANCO CAIXA;;;;;;5;
861;;;;;;;2.1.1.01.000104;;;;;;;;(-) JUROS A APROPRIAR BANCO ****;;;;;;5;
863;;;;;;;2.1.1.01.000105;;;;;;;;(-) JUROS A APROPRIAR BANCO ****;;;;;;5;
927;;;;;;;2.1.1.01.100;;;;;;;;DVIDENDOS A PAGAR;;;;;;5;
153;;;S;;;;2.1.1.02;;;;;;;EMPRêSTIMO ESTRANGEIRO;;;;;;;4;
154;;;S;;;;2.1.1.03;;;;;;;FINANCIAMENTOS;;;;;;;4;
155;;;;;;;2.1.1.03.000001;;;;;;;;FINANCIAMENTO BANCO FINASA;;;;;;5;
974;;;;;;;2.1.1.03.000002;;;;;;;;FINANCIAMENTO ******;;;;;;5;
975;;;;;;;2.1.1.03.000003;;;;;;;;FINANCIAMENTO ******;;;;;;5;
976;;;;;;;2.1.1.03.000004;;;;;;;;FINANCIAMENTO ******;;;;;;5;
977;;;;;;;2.1.1.03.000005;;;;;;;;FINANCIAMENTO ******;;;;;;5;
1039;;;;;;;2.1.1.03.000006;;;;;;;;(-) JUROS A APROPRIAR BANCO ****;;;;;;5;
1040;;;;;;;2.1.1.03.000007;;;;;;;;(-) JUROS A APROPRIAR BANCO ****;;;;;;5;
1041;;;;;;;2.1.1.03.000008;;;;;;;;(-) JUROS A APROPRIAR BANCO ****;;;;;;5;
1042;;;;;;;2.1.1.03.000009;;;;;;;;(-) JUROS A APROPRIAR BANCO ****;;;;;;5;
1043;;;;;;;2.1.1.03.000010;;;;;;;;(-) JUROS A APROPRIAR BANCO ****;;;;;;5;
156;;;S;;;;2.1.1.04;;;;;;;FINANCIAMENTOS ESTRANGEIROS;;;;;;;4;
157;;;S;;;;2.1.1.05;;;;;;;T÷TULOS A PAGAR;;;;;;;4;
158;;;S;;;;2.1.1.06;;;;;;;ADIANTAMENTOS SOBRE CONTRATOS DE C∂MBIO;;;;;;;4;
159;;;S;;;;2.1.1.07;;;;;;;CONTROLADORA, CONTROLADAS E COLIGADAS;;;;;;;4;
160;;;S;;;;2.1.2;;;;;;DEB“NTURES;;;;;;;;3;
161;;;S;;;;2.1.2.01;;;;;;;DEB“NTURES CONVERS÷VEIS EM AÄÂES;;;;;;;4;
162;;;S;;;;2.1.2.02;;;;;;;DEB“NTURES N«O CONVERS÷VEIS;;;;;;;4;
163;;;S;;;;2.1.2.03;;;;;;;(-) DESµGIO A APROPRIAR;;;;;;;4;
164;;;S;;;;2.1.3;;;;;;FORNECEDORES;;;;;;;;3;
165;;;S;;;;2.1.3.01;;;;;;;FORNECEDORES;;;;;;;4;
168;;;S;;;;2.1.3.02;;;;;;;FORNECEDORES ESTRANGEIROS;;;;;;;4;
169;;;S;;;;2.1.4;;;;;;OBRIGAÄÂES TRIBUTµRIAS;;;;;;;;3;
170;;;S;;;;2.1.4.01;;;;;;;IMPOSTOS E CONTRIBUIÄÂES A RECOLHER;;;;;;;4;
171;;;;;;;2.1.4.01.000001;;;;;;;;IPI A RECOLHER;;;;;;5;
172;;;;;;;2.1.4.01.000002;;;;;;;;ICMS A RECOLHER;;;;;;5;
173;;;;;;;2.1.4.01.000003;;;;;;;;ISS A RECOLHER;;;;;;5;
174;;;;;;;2.1.4.01.000004;;;;;;;;PROVIS«O PARA IMPOSTO DE RENDA;;;;;;5;
175;;;;;;;2.1.4.01.000005;;;;;;;;PROVIS«O P/ CONTRIBUIÄ«O SOCIAL S/ LUCRO;;;;;;5;
176;;;;;;;2.1.4.01.000006;;;;;;;;IMPOSTO DE RENDA A RECOLHER;;;;;;5;
177;;;;;;;2.1.4.01.000007;;;;;;;;CONTRIBUIÄ«O SOCIAL A RECOLHER;;;;;;5;
178;;;;;;;2.1.4.01.000008;;;;;;;;IRRF A RECOLHER;;;;;;5;
179;;;;;;;2.1.4.01.000009;;;;;;;;PIS A RECOLHER;;;;;;5;
180;;;;;;;2.1.4.01.000010;;;;;;;;COFINS A RECOLHER;;;;;;5;
181;;;;;;;2.1.4.01.000011;;;;;;;;PROVIS«O PARA IOF;;;;;;5;
182;;;;;;;2.1.4.01.000012;;;;;;;;CRF A RECOLHER;;;;;;5;
183;;;;;;;2.1.4.01.000013;;;;;;;;ISS RETIDO A RECOLHER;;;;;;5;
184;;;;;;;2.1.4.01.000014;;;;;;;;INSS RETIDO A RECOLHER;;;;;;5;
479;;;;;;;2.1.4.01.000015;;;;;;;;SIMPLES NACIONAL A RECOLHER;;;;;;5;
481;;;;;;;2.1.4.01.000016;;;;;;;;SUBSTITUIÄ«O TRIBUTµRIA A RECOLHER;;;;;;5;
483;;;;;;;2.1.4.01.000017;;;;;;;;REFIS A RECOLHER;;;;;;5;
485;;;;;;;2.1.4.01.000018;;;;;;;;FIA A RECOLHER;;;;;;5;
487;;;;;;;2.1.4.01.000019;;;;;;;;PIS RETIDO A RECOLHER;;;;;;5;
488;;;;;;;2.1.4.01.000020;;;;;;;;COFINS RETIDO A RECOLHER;;;;;;5;
489;;;;;;;2.1.4.01.000021;;;;;;;;CONTRIBUIÄ«O SOCIAL RETIDA A RECOLHER;;;;;;5;
490;;;;;;;2.1.4.01.000022;;;;;;;;FUNRURAL A RECOLHER;;;;;;5;
491;;;;;;;2.1.4.01.000023;;;;;;;;CONTRIBUIÄ«O SINDICAL A RECOLHER;;;;;;5;
508;;;;;;;2.1.4.01.000024;;;;;;;;INSS RECEITA BRUTA A RECOLHER;;;;;;5;
512;;;;;;;2.1.4.01.000025;;;;;;;;ICMS ANTECIPADO A RECOLHER;;;;;;5;
513;;;;;;;2.1.4.01.000026;;;;;;;;ICMS ANTECIPAÄ«O TOTAL ST A RECOLHER;;;;;;5;
565;;;;;;;2.1.4.01.000027;;;;;;;;IRRF S/ ALUGUEL A RECOLHER;;;;;;5;
597;;;;;;;2.1.4.01.000028;;;;;;;;TRIBUTOS FEDERAIS A RECOLHER (DCTF Web);;;;;;5;
846;;;;;;;2.1.4.01.000029;;;;;;;;ICMS DIFAL A RECOLHER;;;;;;5;
785;;;;;;;2.1.4.01.000030;;;;;;;;ICMS DIFAL NC - AP A RECOLHER;;;;;;5;
786;;;;;;;2.1.4.01.000031;;;;;;;;ICMS DIFAL NC - BA A RECOLHER;;;;;;5;
787;;;;;;;2.1.4.01.000032;;;;;;;;ICMS DIFAL NC - DF A RECOLHER;;;;;;5;
788;;;;;;;2.1.4.01.000033;;;;;;;;ICMS DIFAL NC - CE A RECOLHER;;;;;;5;
789;;;;;;;2.1.4.01.000034;;;;;;;;ICMS DIFAL NC - ES A RECOLHER;;;;;;5;
790;;;;;;;2.1.4.01.000035;;;;;;;;ICMS DIFAL NC - GO A RECOLHER;;;;;;5;
791;;;;;;;2.1.4.01.000036;;;;;;;;ICMS DIFAL NC - MT A RECOLHER;;;;;;5;
792;;;;;;;2.1.4.01.000037;;;;;;;;ICMS DIFAL NC - MS A RECOLHER;;;;;;5;
793;;;;;;;2.1.4.01.000038;;;;;;;;ICMS DIFAL NC - PA A RECOLHER;;;;;;5;
794;;;;;;;2.1.4.01.000039;;;;;;;;ICMS DIFAL NC - PB A RECOLHER;;;;;;5;
795;;;;;;;2.1.4.01.000040;;;;;;;;ICMS DIFAL NC - AM A RECOLHER;;;;;;5;
796;;;;;;;2.1.4.01.000041;;;;;;;;ICMS DIFAL NC - PE A RECOLHER;;;;;;5;
797;;;;;;;2.1.4.01.000042;;;;;;;;ICMS DIFAL NC - PR A RECOLHER;;;;;;5;
798;;;;;;;2.1.4.01.000043;;;;;;;;ICMS DIFAL NC - RJ A RECOLHER;;;;;;5;
799;;;;;;;2.1.4.01.000044;;;;;;;;ICMS DIFAL NC - RN A RECOLHER;;;;;;5;
800;;;;;;;2.1.4.01.000045;;;;;;;;ICMS DIFAL NC - RS A RECOLHER;;;;;;5;
801;;;;;;;2.1.4.01.000046;;;;;;;;ICMS DIFAL NC - SC A RECOLHER;;;;;;5;
802;;;;;;;2.1.4.01.000047;;;;;;;;ICMS DIFAL NC - SE A RECOLHER;;;;;;5;
730;;;;;;;2.1.4.01.000048;;;;;;;;ICMS DIFAL NC - AC A RECOLHER;;;;;;5;
731;;;;;;;2.1.4.01.000049;;;;;;;;ICMS DIFAL NC - AL A RECOLHER;;;;;;5;
732;;;;;;;2.1.4.01.000050;;;;;;;;ICMS DIFAL NC - MA A RECOLHER;;;;;;5;
782;;;;;;;2.1.4.01.000051;;;;;;;;ICMS DIFAL NC - MG A RECOLHER;;;;;;5;
783;;;;;;;2.1.4.01.000052;;;;;;;;ICMS DIFAL NC - PE A RECOLHER;;;;;;5;
784;;;;;;;2.1.4.01.000053;;;;;;;;ICMS DIFAL NC - PE A RECOLHER;;;;;;5;
849;;;;;;;2.1.4.01.000054;;;;;;;;ICMS DIFAL NC - PI A RECOLHER;;;;;;5;
850;;;;;;;2.1.4.01.000055;;;;;;;;ICMS DIFAL NC - RO A RECOLHER;;;;;;5;
851;;;;;;;2.1.4.01.000056;;;;;;;;ICMS DIFAL NC - RR A RECOLHER;;;;;;5;
852;;;;;;;2.1.4.01.000057;;;;;;;;ICMS DIFAL NC - SP A RECOLHER;;;;;;5;
853;;;;;;;2.1.4.01.000058;;;;;;;;ICMS DIFAL NC - TO A RECOLHER;;;;;;5;
972;;;;;;;2.1.4.01.000059;;;;;;;;CONTRIBUICAO ASSISTENCIAL A RECOLHER;;;;;;5;
973;;;;;;;2.1.4.01.000060;;;;;;;;CONTRIBUICAO ASSOCIATIVA A RECOLHER;;;;;;5;
985;;;;;;;2.1.4.01.000061;;;;;;;;CONTRIBUICAO CONFEDERATIVA A RECOLHER;;;;;;5;
185;;;S;;;;2.1.5;;;;;;OBRIGAÄÂES TRABALHISTA E PREVIDENCIµRIA;;;;;;;;3;
186;;;S;;;;2.1.5.01;;;;;;;OBRIGAÄÂES COM O PESSOAL;;;;;;;4;
187;;;;;;;2.1.5.01.000001;;;;;;;;SALµRIOS E ORDENADOS A PAGAR;;;;;;5;
188;;;;;;;2.1.5.01.000002;;;;;;;;PR‡-LABORE A PAGAR;;;;;;5;
189;;;;;;;2.1.5.01.000003;;;;;;;;PLR A PAGAR;;;;;;5;
559;;;;;;;2.1.5.01.000004;;;;;;;;FERIAS A PAGAR;;;;;;5;
560;;;;;;;2.1.5.01.000005;;;;;;;;RESCISÂES A PAGAR;;;;;;5;
762;;;;;;;2.1.5.01.000006;;;;;;;;13ß SALARIO A PAGAR ;;;;;;5;
925;;;;;;;2.1.5.01.000007;;;;;;;;PENSAO ALIMENTICIA A PAGAR;;;;;;5;
988;;;;;;;2.1.5.01.000008;;;;;;;;PROCESSOS TRABALHISTA;;;;;;5;
1015;;;;;;;2.1.5.01.000009;;;;;;;;PLR A PAGAR ;;;;;;5;
1017;;;;;;;2.1.5.01.000010;;;;;;;;AUTONOMO A PAGAR;;;;;;5;
190;;;S;;;;2.1.5.02;;;;;;;OBRIGAÄÂES SOCIAIS;;;;;;;4;
191;;;;;;;2.1.5.02.000001;;;;;;;;TRIBUTOS FEDERAIS A RECOLHER;;;;;;5;
192;;;;;;;2.1.5.02.000002;;;;;;;;FGTS A RECOLHER;;;;;;5;
494;;;;;;;2.1.5.02.000003;;;;;;;;PIS S/ FOLHA A RECOLHER;;;;;;5;
193;;;S;;;;2.1.5.03;;;;;;;PROVISÂES;;;;;;;4;
194;;;;;;;2.1.5.03.000001;;;;;;;;PROVISÂES PARA FêRIAS;;;;;;5;
195;;;;;;;2.1.5.03.000002;;;;;;;;PROVISÂES PARA 13ß SALµRIO;;;;;;5;
196;;;;;;;2.1.5.03.000003;;;;;;;;INSS SOBRE PROVISÂES PARA FêRIAS;;;;;;5;
197;;;;;;;2.1.5.03.000004;;;;;;;;INSS SOBRE PROVISÂES PARA 13ß SALµRIO;;;;;;5;
198;;;;;;;2.1.5.03.000005;;;;;;;;FGTS SOBRE PROVISÂES PARA FêRIAS;;;;;;5;
199;;;;;;;2.1.5.03.000006;;;;;;;;FGTS SOBRE PROVISÂES PARA 13ß SALµRIO;;;;;;5;
495;;;;;;;2.1.5.03.000007;;;;;;;;PIS SOBRE PROVISÂES PARA FêRIAS;;;;;;5;
496;;;;;;;2.1.5.03.000008;;;;;;;;PIS SOBRE PROVISÂES PARA 13ß SALµRIO;;;;;;5;
200;;;S;;;;2.1.6;;;;;;OUTRAS OBRIGAÄÂES;;;;;;;;3;
201;;;S;;;;2.1.6.01;;;;;;;ADIANTAMENTOS A CLIENTES;;;;;;;4;
628;;;;;;;2.1.6.01.000001;;;;;;;;ADIANTAMENTOS A CLIENTES;;;;;;5;
775;;;;;;;2.1.6.01.000002;;;;;;;;OUTROS ADIANTAMENTOS;;;;;;5;
983;;;;;;;2.1.6.01.000002;;;;;;;;SIMPLES FATURAMENTO ;;;;;;5;
979;;;;;;;2.1.6.01.000003;;;;;;;;GARANTIA ALUGUEL - CAUÄ«O ;;;;;;5;
1006;;;;;;;2.1.6.01.000004;;;;;;;;REPASSE ALUGUEL ;;;;;;5;
202;;;S;;;;2.1.6.02;;;;;;;CONTAS A PAGAR;;;;;;;4;
510;;;;;;;2.1.6.02.000001;;;;;;;;HONORµRIOS CONTµBEIS;;;;;;5;
562;;;;;;;2.1.6.02.000002;;;;;;;;ENERGIA ELêTRICA A PAGAR;;;;;;5;
563;;;;;;;2.1.6.02.000003;;;;;;;;TELEFONE A PAGAR;;;;;;5;
564;;;;;;;2.1.6.02.000004;;;;;;;;ALUGUêIS A PAGAR;;;;;;5;
776;;;;;;;2.1.6.02.000005;;;;;;;;CARTAO DE CREDITO ;;;;;;5;
777;;;;;;;2.1.6.02.000006;;;;;;;;CONSORCIO ;;;;;;5;
900;;;;;;;2.1.6.02.000007;;;;;;;;CONTAS A PAGAR;;;;;;5;
203;;;S;;;;2.1.6.03;;;;;;;ENERGIA ELêTRICA, µGUA E TELEFONE A PAGA;;;;;;;4;
204;;;S;;;;2.1.6.04;;;;;;;REPASSES E REEMBOLSOS;;;;;;;4;
951;;;;;;;2.1.6.04.000001;;;;;;;;REPASSES E REEMBOLSOS;;;;;;5;
205;;;S;;;;2.1.6.05;;;;;;;SEGUROS;;;;;;;4;
778;;;;;;;2.1.6.05.000001;;;;;;;;SEGUROS A PAGAR;;;;;;5;
206;;;S;;;;2.1.6.06;;;;;;;OUTRAS OBRIGAÄÂES;;;;;;;4;
926;;;;;;;2.1.6.06.001;;;;;;;;CHEQUE A COMPENSAR ;;;;;;5;
1025;;;S;;;;2.1.6.07;;;;;;;ADIANTAMENTO IMPORT/EXPORT EXTERIOR;;;;;;;4;
1026;;;;;;;2.1.6.07.000001;;;;;;;;ADIANTAMENTO IMPORT/EXPORT EXTERIOR;;;;;;5;
207;;;S;;;;2.1.7;;;;;;DIVIDENDOS, PART. E JURO SOBRE O CAPITAL;;;;;;;;3;
208;;;S;;;;2.1.7.01;;;;;;;DIVIDENDOS;;;;;;;4;
209;;;;;;;2.1.7.01.000001;;;;;;;;DIVIDENDOS PROPOSTOS;;;;;;5;
210;;;;;;;2.1.7.01.000002;;;;;;;;DIVIDENDOS A PAGAR;;;;;;5;
211;;;S;;;;2.1.7.02;;;;;;;PARTICIPAÄÂES;;;;;;;4;
212;;;;;;;2.1.7.02.000001;;;;;;;;PARTICIPAÄÂES PROPOSTA A ADMINISTRADORES;;;;;;5;
213;;;;;;;2.1.7.02.000002;;;;;;;;PARTICIPAÄÂES PROPOSTA A EMPREGADOS;;;;;;5;
214;;;;;;;2.1.7.02.000003;;;;;;;;PARTICIPAÄÂES A PAGAR;;;;;;5;
215;;;S;;;;2.1.7.03;;;;;;;JUROS SOBRE CAPITAL PR‡PRIO;;;;;;;4;
216;;;;;;;2.1.7.03.000001;;;;;;;;JUROS SOBRE CAPITAL PR‡PRIO A PAGAR;;;;;;5;
746;;;S;;;;2.1.8;;;;;;PARCELAMENTOS FEDERAIS;;;;;;;;3;
747;;;S;;;;2.1.8.01;;;;;;;PARCELAMENTOS FEDERAIS;;;;;;;4;
748;;;;;;;2.1.8.01.000001;;;;;;;;PARCELAMENTO SIMPLES NACIOANL;;;;;;5;
749;;;;;;;2.1.8.01.000002;;;;;;;;PARCELAMENTO PREVIDENCIµRIO;;;;;;5;
750;;;;;;;2.1.8.01.000003;;;;;;;;PARCELAMENTO PRT;;;;;;5;
908;;;;;;;2.1.8.01.000004;;;;;;;;(-) JUROS A APROPRIAR PARCELAMENTO SIMPLES NACIONAL;;;;;;5;
909;;;;;;;2.1.8.01.000005;;;;;;;;(-) JUROS A APROPRIAR PARCELAMENTO PREVIDENCIARIO;;;;;;5;
910;;;;;;;2.1.8.01.000006;;;;;;;;(-) JUROS A APROPRIAR PARCELAMENTO PRT;;;;;;5;
751;;;S;;;;2.1.8.02;;;;;;;PARCELAMENTOS ESTADUAIS;;;;;;;4;
752;;;;;;;2.1.8.02.000001;;;;;;;;PARCELAMENTO DARE;;;;;;5;
753;;;;;;;2.1.8.02.000002;;;;;;;;PARCELAMENTO TRASIÄ«O TIRBUTµRIA;;;;;;5;
754;;;;;;;2.1.8.02.000003;;;;;;;;PARCELAMENTO DEMAIS DêBTIDOS;;;;;;5;
911;;;;;;;2.1.8.02.000004;;;;;;;;(-) JUROS A APROPRIAR PARCELAMENTO DARE;;;;;;5;
912;;;;;;;2.1.8.02.000005;;;;;;;;(-) JUROS A APROPRIAR PARCELAMENTO TRANSIÄ«O TRIBUTµRIA;;;;;;5;
913;;;;;;;2.1.8.02.000006;;;;;;;;(-) JUROS A APROPRIAR PARCELAMENTO DEMAIS DEBITOS;;;;;;5;
755;;;S;;;;2.1.8.03;;;;;;;PARCELAMENTOS MUNICIPAIS;;;;;;;4;
756;;;;;;;2.1.8.03.000001;;;;;;;;PARCELAMENTO ISS;;;;;;5;
757;;;;;;;2.1.8.03.000002;;;;;;;;PARCELAMENTO INCENTIVADO (PPI);;;;;;5;
758;;;;;;;2.1.8.03.000003;;;;;;;;PARCELAMENTO DEMAIS DêBITOS;;;;;;5;
914;;;;;;;2.1.8.03.000004;;;;;;;;(-) JUROS A APROPRIAR PARCELAMENTO ISS;;;;;;5;
915;;;;;;;2.1.8.03.000005;;;;;;;;(-) JUROS A APROPRIAR PARCELAMENTO INCENTIVADO (PPI);;;;;;5;
916;;;;;;;2.1.8.03.000006;;;;;;;;(-) JUROS A APROPRIAR PARCELAMENTO DEMAIS DEBITOS;;;;;;5;
503;;;S;;;;2.2;;;;;PASSIVO N«O-CIRCULANTE;;;;;;;;;2;
217;;;S;;;;2.2.1;;;;;;PASSIVO EXIG÷VEL A LONGO PRAZO;;;;;;;;3;
219;;;S;;;;2.2.1.01;;;;;;;EMPRêSTIMOS;;;;;;;4;
629;;;;;;;2.2.1.01.000001;;;;;;;;EMPRêSTIMOS;;;;;;5;
630;;;;;;;2.2.1.01.000002;;;;;;;;S‡CIOS;;;;;;5;
631;;;;;;;2.2.1.01.000003;;;;;;;;COLIGADAS E CONTROLADAS;;;;;;5;
220;;;S;;;;2.2.1.02;;;;;;;EMPRêSTIMOS ESTRANGEIROS;;;;;;;4;
632;;;;;;;2.2.1.02.000001;;;;;;;;EMPRêSTIMOS;;;;;;5;
633;;;;;;;2.2.1.02.000002;;;;;;;;S‡CIOS;;;;;;5;
634;;;;;;;2.2.1.02.000003;;;;;;;;COLIGADAS E CONTROLADAS;;;;;;5;
221;;;S;;;;2.2.1.03;;;;;;;FINANCIAMENTOS;;;;;;;4;
222;;;;;;;2.2.1.03.000001;;;;;;;;BANCO ******;;;;;;5;
989;;;;;;;2.2.1.03.000002;;;;;;;;BANCO ******;;;;;;5;
990;;;;;;;2.2.1.03.000003;;;;;;;;BANCO ******;;;;;;5;
991;;;;;;;2.2.1.03.000004;;;;;;;;(-) JUROS A APROPRIAR ***;;;;;;5;
992;;;;;;;2.2.1.03.000005;;;;;;;;(-) JUROS A APROPRIAR ***;;;;;;5;
1044;;;;;;;2.2.1.03.000006;;;;;;;;(-) JUROS A APROPRIAR ***;;;;;;5;
223;;;S;;;;2.2.1.04;;;;;;;FINANCIAMENTOS ESTRANGEIROS;;;;;;;4;
225;;;S;;;;2.2.1.05;;;;;;;CONTROLADORA, CONTROLADAS E COLIGADAS;;;;;;;4;
226;;;S;;;;2.2.1.06;;;;;;;OUTROS DêBITOS COM S‡CIOS, ADM, PESSOAS;;;;;;;4;
227;;;S;;;;2.2.1.07;;;;;;;FORNECEDORES;;;;;;;4;
232;;;S;;;;2.2.1.08;;;;;;;OBRIGAÄÂES TRIBUTµRIAS;;;;;;;4;
234;;;;;;;2.2.1.08.000001;;;;;;;;PROVIS«O PARA IR SOBRE LUCROS DIFERIDOS;;;;;;5;
235;;;;;;;2.2.1.08.000002;;;;;;;;CRêDITOS DA CSLL SOBRE BENS DO ATIVO;;;;;;5;
236;;;S;;;;2.2.1.09;;;;;;;OUTRAS OBRIGAÄÂES;;;;;;;4;
635;;;;;;;2.2.1.09.000001;;;;;;;;CRêDITO P/ FUTURO AUMENTO DE CAPITAL;;;;;;5;
763;;;;;;;2.2.1.09.000002;;;;;;;;DIVIDENDOS A PAGAR - ISENCAO LEI 15.270/2025;;;;;;5;
224;;;S;;;;2.2.1.10;;;;;;;T÷TULOS A PAGAR;;;;;;;4;
733;;;S;;;;2.2.2;;;;;;PARCELAMENTOS FEDERAIS;;;;;;;;3;
734;;;S;;;;2.2.2.01;;;;;;;PARCELAMENTOS FEDERAIS;;;;;;;4;
735;;;;;;;2.2.2.01.000001;;;;;;;;PARCELAMENTO SIMPLES NACIOANL;;;;;;5;
736;;;;;;;2.2.2.01.000002;;;;;;;;PARCELAMENTO PREVIDENCIµRIO;;;;;;5;
737;;;;;;;2.2.2.01.000003;;;;;;;;PARCELAMENTO PRT;;;;;;5;
864;;;;;;;2.2.2.01.000004;;;;;;;;(-) JUROS A APROPRIAR PARCELAMENTO SIMPLES;;;;;;5;
865;;;;;;;2.2.2.01.000005;;;;;;;;(-) JUROS A APROPRIAR PARCELAMENTO PREVIDENCIARIO;;;;;;5;
866;;;;;;;2.2.2.01.000006;;;;;;;;(-) JUROS A APROPRIAR PARCELAMENTO PRT;;;;;;5;
738;;;S;;;;2.2.2.02;;;;;;;PARCELAMENTOS ESTADUAIS;;;;;;;4;
739;;;;;;;2.2.2.02.000001;;;;;;;;PARCELAMENTO DARE;;;;;;5;
740;;;;;;;2.2.2.02.000002;;;;;;;;PARCELAMENTO TRASIÄ«O TRIBUTµRIA;;;;;;5;
741;;;;;;;2.2.2.02.000003;;;;;;;;PARCELAMENTO DEMAIS DêBTIDOS;;;;;;5;
867;;;;;;;2.2.2.02.000004;;;;;;;;(-) JUROS A APROPRIAR PARCELAMENTO DARE;;;;;;5;
868;;;;;;;2.2.2.02.000005;;;;;;;;(-) JUROS A APROPRIAR PARCELAMENTO TRANS. TRIBUTARIA ;;;;;;5;
869;;;;;;;2.2.2.02.000006;;;;;;;;(-) JUROS A APROPRIAR PARCELAMENTO DEMAIS DEBITOS;;;;;;5;
742;;;S;;;;2.2.2.03;;;;;;;PARCELAMENTOS MUNICIPAIS;;;;;;;4;
743;;;;;;;2.2.2.03.000001;;;;;;;;PARCELAMENTO ISS;;;;;;5;
744;;;;;;;2.2.2.03.000002;;;;;;;;PARCELAMENTO INCENTIVADO (PPI);;;;;;5;
745;;;;;;;2.2.2.03.000003;;;;;;;;PARCELAMENTO DEMAIS DêBITOS;;;;;;5;
870;;;;;;;2.2.2.03.000004;;;;;;;;(-) JUROS A APROPRIAR PARCELAMENTO ISS;;;;;;5;
871;;;;;;;2.2.2.03.000005;;;;;;;;(-) JUROS A APROPRIAR PARCELAMENTO INCENTIVADO (PPI);;;;;;5;
872;;;;;;;2.2.2.03.000006;;;;;;;;(-) JUROS A APROPRIAR PARCELAMENTO DEMAIS DEBITOS ;;;;;;5;
1049;;;S;;;;2.2.2.04;;;;;;;RECEITAS DIFERIDAS;;;;;;;4;
1050;;;;;;;2.2.2.04.000001;;;;;;;;RECEITAS DIFERIDAS;;;;;;5;
242;;;S;;;;2.3;;;;;PATRIM‚NIO L÷QUIDO;;;;;;;;;2;
243;;;S;;;;2.3.1;;;;;;CAPITAL SOCIAL;;;;;;;;3;
244;;;S;;;;2.3.1.01;;;;;;;CAPITAL SUBSCRITO;;;;;;;4;
245;;;;;;;2.3.1.01.000001;;;;;;;;CAPITAL SOCIAL;;;;;;5;
1045;;;;;;;2.3.1.01.000002;;;;;;;;CAPITAL SOCIAL ****;;;;;;5;
1046;;;;;;;2.3.1.01.000003;;;;;;;;CAPITAL SOCIAL ****;;;;;;5;
1047;;;;;;;2.3.1.01.000004;;;;;;;;CAPITAL SOCIAL ****;;;;;;5;
246;;;S;;;;2.3.1.02;;;;;;;(-) CAPITAL A INTEGRALIZAR;;;;;;;4;
247;;;;;;;2.3.1.02.000001;;;;;;;;CAPITAL A INTEGRALIZAR;;;;;;5;
524;;;S;;;;2.3.2;;;;;;RESERVAS;;;;;;;;3;
249;;;S;;;;2.3.2.01;;;;;;;RESERVAS DE CAPITAL;;;;;;;4;
251;;;;;;;2.3.2.01.000001;;;;;;;;µGIO NA EMISS«O DE AÄÂES;;;;;;5;
252;;;;;;;2.3.2.01.000002;;;;;;;;DOAÄÂES E SUBVENÄÂES PARA INVESTIMENTOS;;;;;;5;
253;;;;;;;2.3.2.01.000003;;;;;;;;(-) AÄÂES/QUOTAS EM TESOURARIA;;;;;;5;
250;;;;;;;2.3.2.01.000004;;;;;;;;CORREÄ«O MONETµRIA DO CAP. INTEGRALIZADO;;;;;;5;
636;;;;;;;2.3.2.01.000005;;;;;;;;RESERVA DE CAPITAL;;;;;;5;
254;;;S;;;;2.3.2.02;;;;;;;RESERVA DE REAVALIAÄ«O;;;;;;;4;
256;;;;;;;2.3.2.02.000001;;;;;;;;REAVALIAÄ«O DE ATIVOS COLIGADAS;;;;;;5;
255;;;;;;;2.3.2.02.000002;;;;;;;;REAVALIAÄ«O DE ATIVOS PR‡PRIOS;;;;;;5;
257;;;S;;;;2.3.2.03;;;;;;;RESERVAS DE LUCROS;;;;;;;4;
259;;;;;;;2.3.2.03.000001;;;;;;;;RESERVA ESTATUTµRIA;;;;;;5;
260;;;;;;;2.3.2.03.000002;;;;;;;;RESERVA PARA CONTING“NCIAS;;;;;;5;
261;;;;;;;2.3.2.03.000003;;;;;;;;RESERVA DE LUCROS A REALIZAR;;;;;;5;
262;;;;;;;2.3.2.03.000004;;;;;;;;RESERVA ESPECIAL;;;;;;5;
263;;;;;;;2.3.2.03.000005;;;;;;;;(-) AÄÂES/QUOTAS EM TESOURARIA;;;;;;5;
258;;;;;;;2.3.2.03.000006;;;;;;;;RESERVA LEGAL;;;;;;5;
637;;;;;;;2.3.2.03.000007;;;;;;;;AJUSTE DE AVALIAÄ«O PATRIMONIAL;;;;;;5;
638;;;;;;;2.3.2.03.000008;;;;;;;;AJUSTE DE AVALIAÄ«O PATRIMONIAL;;;;;;5;
639;;;;;;;2.3.2.03.000009;;;;;;;;(-) AJUSTE DE AVALIAÄ«O PATRIMONIAL;;;;;;5;
264;;;S;;;;2.3.3;;;;;;LUCROS OU PREJU÷ZOS ACUMULADOS;;;;;;;;3;
265;;;S;;;;2.3.3.01;;;;;;;LUCROS OU PREJU÷ZOS ACUMULADOS;;;;;;;4;
266;;;;;;;2.3.3.01.000001;;;;;;;;LUCROS ACUMULADOS;;;;;;5;
267;;;;;;;2.3.3.01.000002;;;;;;;;(-) PREJU÷ZOS ACUMULADOS;;;;;;5;
268;;;;;;;2.3.3.01.000003;;;;;;;;RESULTADO DO EXERC÷CIO EM CURSO;;;;;;5;
522;;;;;;;2.3.3.01.000004;;;;;;;;LUCRO DO EXERC÷CIO EM CURSO;;;;;;5;
523;;;;;;;2.3.3.01.000005;;;;;;;;(-) PREJU÷ZO DO EXERC÷CIO EM CURSO;;;;;;5;
640;;;;;;;2.3.3.01.000006;;;;;;;;(-) DISTRIBUIÄ«O DE LUCROS - A;;;;;;5;
641;;;;;;;2.3.3.01.000007;;;;;;;;(-) DISTRIBUIÄ«O DE LUCROS - B;;;;;;5;
642;;;;;;;2.3.3.01.000008;;;;;;;;(-) DISTRIBUIÄ«O DE LUCROS - C;;;;;;5;
807;;;;;;;2.3.3.01.002;;;;;;;;AJUSTE CREDOR DE EXERCICIOS ANTERIORES;;;;;;5;
806;;;;;;;2.3.3.01.009;;;;;;;;(-) AJUSTE DEVEDOR DE EXERCICIOS ANTERIORES;;;;;;5;
980;;;S;;;;2.3.4.01;;;;;;;SUPERAVIT/ DEFICIT ACUMULADOS;;;;;;;4;
981;;;;;;;2.3.4.01.000001;;;;;;;;SUPERAVIT ACUMULADO;;;;;;5;
982;;;;;;;2.3.4.01.000002;;;;;;;;DEFICIT ACUMULADO ;;;;;;5;
1012;;;S;;;;2.3.5;;;;;;ADIANTAMENTO PARA FUTURO AUMENTO DE CAPITAL ;;;;;;;;3;
1013;;;S;;;;2.3.5.01;;;;;;;AFAC;;;;;;;4;
1014;;;;;;;2.3.5.01.000001;;;;;;;;ADIANTAMENTO PARA FUTURO AUMENTO DE CAPITAL - AFAC;;;;;;5;
402;;;S;;;;3;;;;CONTAS DE RESULTADO - RECEITAS;;;;;;;;;;1;
403;;;S;;;;3.1;;;;;RECEITAS OPERACIONAIS;;;;;;;;;2;
404;;;S;;;;3.1.1;;;;;;RECEITA BRUTA DE VENDAS E SERVIÄOS;;;;;;;;3;
405;;;S;;;;3.1.1.01;;;;;;;RECEITA BRUTAS DE VENDAS E MERCADORIAS;;;;;;;4;
406;;;;;;;3.1.1.01.000001;;;;;;;;VENDA DE PRODUTOS;;;;;;5;
407;;;;;;;3.1.1.01.000002;;;;;;;;VENDA DE PRODUTOS NO MERCADO EXTERNO;;;;;;5;
408;;;;;;;3.1.1.01.000003;;;;;;;;VENDA DE MERCADORIAS;;;;;;5;
409;;;;;;;3.1.1.01.000004;;;;;;;;VENDA DE MERCADORIAS NO MERCADO EXTERNO;;;;;;5;
720;;;;;;;3.1.1.01.000005;;;;;;;;VENDA DE COMBUST÷VEIS OU LUBRIFICANTES;;;;;;5;
410;;;S;;;;3.1.1.02;;;;;;;RECEITA DE PRESTAÄ«O DE SERVIÄOS;;;;;;;4;
411;;;;;;;3.1.1.02.000001;;;;;;;;SERVIÄOS PRESTADOS;;;;;;5;
412;;;;;;;3.1.1.02.000002;;;;;;;;SERVIÄOS PRESTADO MERCADO EXTERNO;;;;;;5;
598;;;S;;;;3.1.1.03;;;;;;;RECEITA DE LOCAÄ«O DE BENS M‡VEIS E IM‡VEIS;;;;;;;4;
599;;;;;;;3.1.1.03.000001;;;;;;;;RECEITA DE LOCAÄ«O DE BENS M‡VEIS;;;;;;5;
600;;;;;;;3.1.1.03.000002;;;;;;;;RECEITA DE LOCAÄAO DE BENS IM‡VEIS;;;;;;5;
1051;;;S;;;;3.1.1.04;;;;;;;RECEITA BRUTA DE VENDA IMOBILIARIA;;;;;;;4;
1052;;;;;;;3.1.1.04.000001;;;;;;;;RECEITA DE VENDA IMOBILIARIA;;;;;;5;
413;;;S;;;;3.1.2;;;;;;(-) DEDUÄÂES DA RECEITA BRUTA;;;;;;;;3;
414;;;S;;;;3.1.2.01;;;;;;;(-) CANCELAMENTO E DEVOLUÄÂES;;;;;;;4;
415;;;;;;;3.1.2.01.000001;;;;;;;;(-) DEVOLUÄ«O DE VENDA DE PRODUTOS;;;;;;5;
416;;;;;;;3.1.2.01.000002;;;;;;;;(-) DEV. VENDA DE PRODUTOS MERCADO EXT.;;;;;;5;
417;;;;;;;3.1.2.01.000003;;;;;;;;(-) DEVOLUÄ«O DE VENDA DE MERCADORIAS;;;;;;5;
418;;;;;;;3.1.2.01.000004;;;;;;;;(-) DEV. VENDA DE MERCADORIAS MERC. EXT;;;;;;5;
529;;;;;;;3.1.2.01.000005;;;;;;;;(-) ANULAÄ«O DE VALOR RELATIVO ∑ VENDA DE ENERGIA ELêTRICA;;;;;;5;
530;;;;;;;3.1.2.01.000006;;;;;;;;(-) ANULAÄ«O DE VALOR RELATIVO ∑ PREST. SERV. DE COMUNICAÄ«O;;;;;;5;
531;;;;;;;3.1.2.01.000007;;;;;;;;(-) ANULAÄ«O DE VALOR RELATIVO ∑ PREST. SERV. DE TRANSPORTE;;;;;;5;
1053;;;;;;;3.1.2.01.000008;;;;;;;;(-) DEVOLUÄ«O DE VENDA IMOBILIARIA;;;;;;5;
419;;;S;;;;3.1.2.02;;;;;;;(-) DESCONTOS INCONDICIONAIS;;;;;;;4;
420;;;;;;;3.1.2.02.000001;;;;;;;;(-) DESCONTO VENDA DE PRODUTOS;;;;;;5;
421;;;;;;;3.1.2.02.000002;;;;;;;;(-) DESCONTO VENDA DE PRODUTO MERC. EXT;;;;;;5;
422;;;;;;;3.1.2.02.000003;;;;;;;;(-) DESCONTO VENDA DE MERCADORIA;;;;;;5;
423;;;;;;;3.1.2.02.000004;;;;;;;;(-) DESC. VENDA DE MERCADORIAS MERC. EXT;;;;;;5;
1054;;;;;;;3.1.2.02.000005;;;;;;;;(-) DESCONTO VENDA IMOBILIARIA;;;;;;5;
424;;;S;;;;3.1.2.03;;;;;;;(-) IMPOSTOS SOBRE VENDAS E SERVIÄOS;;;;;;;4;
425;;;;;;;3.1.2.03.000001;;;;;;;;(-) IPI;;;;;;5;
426;;;;;;;3.1.2.03.000002;;;;;;;;(-) ICMS;;;;;;5;
427;;;;;;;3.1.2.03.000003;;;;;;;;(-) ISS;;;;;;5;
428;;;;;;;3.1.2.03.000004;;;;;;;;(-) COFINS;;;;;;5;
429;;;;;;;3.1.2.03.000005;;;;;;;;(-) PIS;;;;;;5;
480;;;;;;;3.1.2.03.000008;;;;;;;;(-) SIMPLES NACIONAL;;;;;;5;
482;;;;;;;3.1.2.03.000009;;;;;;;;(-) SUBSTITUIÄ«O TRIBUTµRIA;;;;;;5;
484;;;;;;;3.1.2.03.000010;;;;;;;;(-) REFIS;;;;;;5;
486;;;;;;;3.1.2.03.000011;;;;;;;;(-) FIA;;;;;;5;
509;;;;;;;3.1.2.03.000012;;;;;;;;(-) INSS RECEITA BRUTA;;;;;;5;
854;;;;;;;3.1.2.03.000013;;;;;;;;(-) DIFAL ICMS N«O CONTRIBUINTE;;;;;;5;
1055;;;;;;;3.1.2.03.000014;;;;;;;;(-) RET;;;;;;5;
430;;;S;;;;3.1.3;;;;;;RECEITAS FINANCEIRAS;;;;;;;;3;
431;;;S;;;;3.1.3.01;;;;;;;JUROS E DESCONTOS;;;;;;;4;
432;;;;;;;3.1.3.01.000001;;;;;;;;JUROS DE APLICAÄÂES;;;;;;5;
433;;;;;;;3.1.3.01.000002;;;;;;;;JUROS ATIVOS;;;;;;5;
434;;;;;;;3.1.3.01.000003;;;;;;;;DESCONTOS FINANCEIROS OBTIDOS;;;;;;5;
435;;;;;;;3.1.3.01.000004;;;;;;;;JUROS SOBRE O CAPITAL PR‡PRIO;;;;;;5;
475;;;;;;;3.1.3.01.000005;;;;;;;;MULTAS ATIVAS;;;;;;5;
1009;;;;;;;3.1.3.01.00005;;;;;;;;RECEITAS FINANCEIRAS CREDITO DE IMOBILIZADO;;;;;;5;
436;;;S;;;;3.1.3.02;;;;;;;VARIAÄÂES MONETµRIAS;;;;;;;4;
437;;;;;;;3.1.3.02.000001;;;;;;;;VARIAÄÂES MONETµRIAS ATIVAS;;;;;;5;
438;;;;;;;3.1.3.02.000002;;;;;;;;VARIAÄÂES CAMBIAIS ATIVAS;;;;;;5;
439;;;S;;;;3.1.4;;;;;;RECUPERAÄ«O DE DESPESAS;;;;;;;;3;
440;;;S;;;;3.1.4.01;;;;;;;RECUP. CRêDITOS CONSIDERADOS INCOBRµVEIS;;;;;;;4;
441;;;S;;;;3.1.4.02;;;;;;;REVERS«O DE PROVISÂES;;;;;;;4;
643;;;;;;;3.1.4.02.000001;;;;;;;;REVERS«O DE PROVISÂES;;;;;;5;
442;;;S;;;;3.1.5;;;;;;OUTRAS RECEITAS OPERACIONAIS;;;;;;;;3;
443;;;S;;;;3.1.5.01;;;;;;;RECEITAS DIVERSAS;;;;;;;4;
444;;;;;;;3.1.5.01.000001;;;;;;;;ALUGUêIS E ARRENDAMENTOS;;;;;;5;
445;;;;;;;3.1.5.01.000002;;;;;;;;VENDAS ACESS‡RIAS;;;;;;5;
446;;;;;;;3.1.5.01.000003;;;;;;;;RECEITA DE EQUIVAL“NCIA PATRIMONIAL;;;;;;5;
447;;;;;;;3.1.5.01.000004;;;;;;;;DIVIDENDOS E LUCROS RECEBIDOS;;;;;;5;
448;;;;;;;3.1.5.01.000005;;;;;;;;AMORTIZAÄ«O DE DESµGIO;;;;;;5;
644;;;;;;;3.1.5.01.000006;;;;;;;;OUTRAS RECEITAS TRIBUTADAS;;;;;;5;
645;;;;;;;3.1.5.01.000007;;;;;;;;OUTRAS RECEITAS ISENTAS;;;;;;5;
978;;;;;;;3.1.5.01.000008;;;;;;;;BONIFICAÄ«O;;;;;;5;
449;;;S;;;;3.2;;;;;RECEITAS N«O OPERACIONAIS;;;;;;;;;2;
450;;;S;;;;3.2.1;;;;;;RESULTADOS N«O OPERACIONAIS;;;;;;;;3;
451;;;S;;;;3.2.1.01;;;;;;;RESULTADOS POSIT. NA ALIEN. DE INVESTIM;;;;;;;4;
452;;;;;;;3.2.1.01.000001;;;;;;;;LUCROS NA ALIENAÄ«O DE PART. EM COLIGADA;;;;;;5;
453;;;S;;;;3.2.1.02;;;;;;;LUCROS NA ALIENAÄ«O DE IMOBILIZADO;;;;;;;4;
454;;;;;;;3.2.1.02.000001;;;;;;;;LUCROS NA ALIENAÄ«O DE IM‡VEIS;;;;;;5;
455;;;;;;;3.2.1.02.000002;;;;;;;;LUCROS NA ALIENAÄ«O DE M‡VEIS E UTENS.;;;;;;5;
456;;;;;;;3.2.1.02.000003;;;;;;;;LUCROS NA ALIEN. DE MµQ. EQUIP. FERRAMEN;;;;;;5;
457;;;;;;;3.2.1.02.000004;;;;;;;;LUCROS NA ALIENAÄ«O DE VE÷CULOS;;;;;;5;
551;;;;;;;3.2.1.02.000005;;;;;;;;LUCROS NA ALIENAÄ«O DE FERRAMENTAS E ACESSORIOS;;;;;;5;
553;;;;;;;3.2.1.02.000006;;;;;;;;LUCROS NA ALIENAÄ«O DE COMPUTADORES E ACESSORIOS;;;;;;5;
555;;;;;;;3.2.1.02.000007;;;;;;;;LUCROS NA ALIENAÄ«O DE INSTALAÄÂES;;;;;;5;
646;;;;;;;3.2.1.02.000008;;;;;;;;LUCROS NA ALIENAÄ«O DE MARCAS, DIR E PAT;;;;;;5;
647;;;;;;;3.2.1.02.000009;;;;;;;;LUCROS NA ALIENAÄ«O DE SOFTWARES;;;;;;5;
648;;;;;;;3.2.1.02.000010;;;;;;;;LUCROS NA ALIENAÄ«O DE EMBARCAÄÂES;;;;;;5;
649;;;;;;;3.2.1.02.000011;;;;;;;;LUCROS NA ALIENAÄAO DE AERONAVES;;;;;;5;
458;;;S;;;;3.2.1.03;;;;;;;RESULTADO DE SINISTROS COM IMOBILIZADO;;;;;;;4;
459;;;;;;;3.2.1.03.000002;;;;;;;;SINISTROS COM IMOBILIZADO;;;;;;5;
269;;;S;;;;4;;;;CONTAS DE RESULTADOS - CUSTOS E DESPESAS;;;;;;;;;;1;
500;;;S;;;;4.1;;;;;CUSTOS;;;;;;;;;2;
270;;;S;;;;4.1.1;;;;;;CUSTOS DIRETOS DE PRODUÄ«O;;;;;;;;3;
271;;;S;;;;4.1.1.01;;;;;;;MATERIAL APLICADO;;;;;;;4;
272;;;;;;;4.1.1.01.000001;;;;;;;;MATêRIA-PRIMA;;;;;;5;
528;;;;;;;4.1.1.01.000002;;;;;;;;INDUSTRIALIZAÄ«O;;;;;;5;
273;;;S;;;;4.1.1.02;;;;;;;M«O-DE-OBRA DIRETA;;;;;;;4;
274;;;;;;;4.1.1.02.000001;;;;;;;;SALµRIOS E ORDENADOS;;;;;;5;
275;;;;;;;4.1.1.02.000002;;;;;;;;PR‡-LABORE;;;;;;5;
276;;;;;;;4.1.1.02.000003;;;;;;;;PR“MIOS DE GRATIFICAÄÂES;;;;;;5;
277;;;;;;;4.1.1.02.000004;;;;;;;;13ß SALµRIO;;;;;;5;
278;;;;;;;4.1.1.02.000005;;;;;;;;FêRIAS;;;;;;5;
279;;;;;;;4.1.1.02.000006;;;;;;;;INSS;;;;;;5;
280;;;;;;;4.1.1.02.000007;;;;;;;;FGTS;;;;;;5;
281;;;;;;;4.1.1.02.000008;;;;;;;;INDENIZAÄÂES E AVISO PRêVIO;;;;;;5;
282;;;;;;;4.1.1.02.000009;;;;;;;;ASSIST“NCIA MêDICA E SOCIAL;;;;;;5;
497;;;;;;;4.1.1.02.000010;;;;;;;;VALE TRANSPORTE;;;;;;5;
650;;;;;;;4.1.1.02.000011;;;;;;;;PIS S/ FOLHA;;;;;;5;
651;;;;;;;4.1.1.02.000012;;;;;;;;DESPESAS COM ALIMENTAÄ«O/ VALE REFEIÄ«O;;;;;;5;
652;;;;;;;4.1.1.02.000013;;;;;;;;HORAS EXTRAS ;;;;;;5;
653;;;;;;;4.1.1.02.000014;;;;;;;;CONTRIBUICAO ASSISTENCIAL ;;;;;;5;
654;;;;;;;4.1.1.02.000015;;;;;;;;VALE TRANSPORTE;;;;;;5;
655;;;;;;;4.1.1.02.000016;;;;;;;;SEGURO DE  VIDA;;;;;;5;
656;;;;;;;4.1.1.02.000017;;;;;;;;TREINAMENTO;;;;;;5;
721;;;;;;;4.1.1.02.000018;;;;;;;;BOLSA AUXILIO ;;;;;;5;
722;;;;;;;4.1.1.02.000019;;;;;;;;UNIFORMES E EPI'S;;;;;;5;
723;;;;;;;4.1.1.02.000020;;;;;;;;PLR;;;;;;5;
724;;;;;;;4.1.1.02.000021;;;;;;;;*****;;;;;;5;
725;;;;;;;4.1.1.02.000023;;;;;;;;*****;;;;;;5;
283;;;S;;;;4.1.2;;;;;;CUSTOS INDIRETOS DE PRODUÄ«O;;;;;;;;3;
284;;;S;;;;4.1.2.01;;;;;;;M«O-DE-OBRA INDIRETA;;;;;;;4;
285;;;S;;;;4.1.2.02;;;;;;;MATERIAIS DE CONSUMO INDIRETO;;;;;;;4;
287;;;S;;;;4.1.2.03;;;;;;;MANUTENÄ«O E REPARO;;;;;;;4;
761;;;;;;;4.1.2.03.000001;;;;;;;;PEÄAS E ACESS‡RIOS PARA MµQUINAS;;;;;;5;
286;;;S;;;;4.1.2.04;;;;;;;UTILIDADES E SERVIÄOS;;;;;;;4;
657;;;;;;;4.1.2.04.000001;;;;;;;;AUDITORIA E CONSULTORIA;;;;;;5;
658;;;;;;;4.1.2.04.000002;;;;;;;;LOCAÄ«O DE MµQUINAS E EQUIPAMENTOS;;;;;;5;
659;;;;;;;4.1.2.04.000003;;;;;;;;OUTROS SERVIÄOS TOMADOS DE PJ;;;;;;5;
660;;;;;;;4.1.2.04.000004;;;;;;;;ASSESSORIA EM INFORMµTICA;;;;;;5;
288;;;S;;;;4.1.2.05;;;;;;;ALUGUEIS E ARRENDAMENTOS;;;;;;;4;
289;;;S;;;;4.1.2.06;;;;;;;DEPRECIAÄÂES, AMORTIZAÄÂES E EXAUSTÂES;;;;;;;4;
291;;;;;;;4.1.2.06.000001;;;;;;;;DEPRECIAÄ«O;;;;;;5;
290;;;S;;;;4.1.2.07;;;;;;;COMBUST÷VEIS E ENERGIA ELêTRICA;;;;;;;4;
292;;;;;;;4.1.2.07.000001;;;;;;;;COMBUST÷VEL;;;;;;5;
662;;;;;;;4.1.2.07.000002;;;;;;;;ALUGUêIS;;;;;;5;
663;;;;;;;4.1.2.07.000003;;;;;;;;ENERGIA ELêTRICA;;;;;;5;
664;;;;;;;4.1.2.07.000004;;;;;;;;CONDOM÷NIOS;;;;;;5;
293;;;S;;;;4.1.3;;;;;;CUSTOS DIRETOS DA PRODUÄ«O DE SERVIÄOS;;;;;;;;3;
294;;;S;;;;4.1.3.01;;;;;;;M«O-DE-OBRA DIRETA;;;;;;;4;
857;;;;;;;4.1.3.01.000001;;;;;;;;COMPRA USO PRESTACAO DE SERVICOS;;;;;;5;
514;;;S;;;;4.1.4;;;;;;CUSTOS DE MERCADORIAS;;;;;;;;3;
515;;;S;;;;4.1.4.01;;;;;;;CUSTOS DE MERCADORIAS ADQUIRIDAS;;;;;;;4;
516;;;;;;;4.1.4.01.000001;;;;;;;;ICMS ANTECIPAÄ«O PARCIAL;;;;;;5;
517;;;;;;;4.1.4.01.000002;;;;;;;;ICMS ANTECIPAÄ«O TOTAL - ST;;;;;;5;
518;;;;;;;4.1.4.01.000003;;;;;;;;BONIFICAÄ«O;;;;;;5;
534;;;;;;;4.1.4.01.000004;;;;;;;;ICMS DIFERENCIAL DE AL÷QUOTA;;;;;;5;
855;;;;;;;4.1.4.01.000005;;;;;;;;ICMS S/ COMPRAS ;;;;;;5;
856;;;;;;;4.1.4.01.000006;;;;;;;;ICMS S/ DEVOLUCAO COMPRAS;;;;;;5;
940;;;;;;;4.1.4.01.000007;;;;;;;;DEVOLUCAO COMPRAS ;;;;;;5;
1007;;;;;;;4.1.4.01.00008;;;;;;;;PIS A RECUPERAR S/ BENS PARA REVENDA;;;;;;5;
1008;;;;;;;4.1.4.01.00009;;;;;;;;COFINS A RECUPERAR S/ BENS PARA REVENDA;;;;;;5;
462;;;S;;;;4.1.5;;;;;;CUSTOS DOS PRODUTOS VENDIDOS;;;;;;;;3;
463;;;S;;;;4.1.5.01;;;;;;;CUSTOS DOS PRODUTOS VENDIDOS;;;;;;;4;
464;;;;;;;4.1.5.01.000001;;;;;;;;CUSTOS DOS PRODUTOS VENDIDOS;;;;;;5;
465;;;S;;;;4.1.6;;;;;;CUSTOS DOS SERVIÄOS PRESTADOS;;;;;;;;3;
466;;;S;;;;4.1.6.01;;;;;;;CUSTOS DOS SERVIÄOS PRESTADOS;;;;;;;4;
467;;;;;;;4.1.6.01.000001;;;;;;;;CUSTOS DOS SERVIÄOS PRESTADOS;;;;;;5;
468;;;S;;;;4.1.7;;;;;;CUSTOS DAS MERCADORIAS VENDIDAS;;;;;;;;3;
469;;;S;;;;4.1.7.01;;;;;;;CUSTOS DAS MERCADORIAS VENDIDAS;;;;;;;4;
470;;;;;;;4.1.7.01.000001;;;;;;;;CUSTOS DAS MERCADORIAS VENDIDAS;;;;;;5;
993;;;S;;;;4.1.7.02;;;;;;;CUSTO COM IMPORTACAO;;;;;;;4;
994;;;;;;;4.1.7.02.001;;;;;;;;MERCADORIA PARA REVENDA - IMPORTACAO;;;;;;5;
995;;;;;;;4.1.7.02.002;;;;;;;;SERVIÄOS PRESTADOS POR TERCEIROS - IMPORTACAO ;;;;;;5;
996;;;;;;;4.1.7.02.003;;;;;;;;ARMAZENAMENTO ;;;;;;5;
997;;;;;;;4.1.7.02.004;;;;;;;;DELIVERY FEE;;;;;;5;
998;;;;;;;4.1.7.02.005;;;;;;;;TAXA SISCOMEX;;;;;;5;
999;;;;;;;4.1.7.02.006;;;;;;;;SDA;;;;;;5;
1000;;;;;;;4.1.7.02.007;;;;;;;;TRANSPORTE AEREO;;;;;;5;
1001;;;;;;;4.1.7.02.008;;;;;;;;TAXA DAPE;;;;;;5;
1002;;;;;;;4.1.7.02.009;;;;;;;;FRETE;;;;;;5;
1003;;;;;;;4.1.7.02.010;;;;;;;;TAXA DE DESCONSOLIDACAO ;;;;;;5;
1004;;;;;;;4.1.7.02.011;;;;;;;;SEGURO DE CARGA ;;;;;;5;
1005;;;;;;;4.1.7.02.012;;;;;;;;TRIBUTOS COM IMPORTACAO ;;;;;;5;
929;;;S;;;;4.1.8.01;;;;;;;ESTOQUE INICIAL ;;;;;;;4;
930;;;;;;;4.1.8.01.000001;;;;;;;;ESTOQUE INICIAL MERCADORIA PARA REVENDA ;;;;;;5;
931;;;;;;;4.1.8.01.000002;;;;;;;;ESTOQUE INICIAL MATERIA PRIMA ;;;;;;5;
932;;;;;;;4.1.8.01.000003;;;;;;;;ESTOQUE INICIAL DE MATERIAL DE ACONDICIONAMENTO;;;;;;5;
933;;;;;;;4.1.8.01.000004;;;;;;;;ESTOQUE INICIAL OUTROS MATERIAIS DE CONSUMO ;;;;;;5;
934;;;;;;;4.1.8.01.000005;;;;;;;;ESTOQUE INICIAL PRODUTOS ACABADOS ;;;;;;5;
935;;;;;;;4.1.8.01.000006;;;;;;;;ESTOQUE INICIAL PRODUTOS EM ELABORACAO ;;;;;;5;
936;;;;;;;4.1.8.01.000007;;;;;;;;******;;;;;;5;
937;;;;;;;4.1.8.01.000008;;;;;;;;ESTOQUE INICIAL IMOVEIS P/ REVENDA ;;;;;;5;
938;;;;;;;4.1.8.01.000009;;;;;;;;ESTOQUE INICIAL EM PODER DE TERCEIROS ;;;;;;5;
941;;;S;;;;4.1.8.02;;;;;;;ESTOQUE FINAL ;;;;;;;4;
942;;;;;;;4.1.8.02.000001;;;;;;;;(-) ESTOQUE FINAL MARCADORIA PARA REVENDA;;;;;;5;
943;;;;;;;4.1.8.02.000002;;;;;;;;(-) ESTOQUE INICIAL MATERIA PRIMA ;;;;;;5;
944;;;;;;;4.1.8.02.000003;;;;;;;;(-) ESTOQUE INICIAL DE MATERIAL DE ACONDICIONAMENTO;;;;;;5;
945;;;;;;;4.1.8.02.000004;;;;;;;;(-) ESTOQUE INICIAL OUTROS MATERIAIS DE CONSUMO ;;;;;;5;
946;;;;;;;4.1.8.02.000005;;;;;;;;(-) ESTOQUE INICIAL PRODUTOS ACABADOS ;;;;;;5;
947;;;;;;;4.1.8.02.000006;;;;;;;;(-) ESTOQUE INICIAL PRODUTOS EM ELABORACAO ;;;;;;5;
948;;;;;;;4.1.8.02.000007;;;;;;;;(-) ******;;;;;;5;
949;;;;;;;4.1.8.02.000008;;;;;;;;(-) ESTOQUE INICIAL IMOVEIS P/ REVENDA ;;;;;;5;
950;;;;;;;4.1.8.02.000009;;;;;;;;(-) ESTOQUE INICIAL EM PODER DE TERCEIROS ;;;;;;5;
10737;;;S;;;;4.1.9;;;;;;CUSTOS DAS VENDAS IMOBILIARIAS;;;;;;;;3;
10738;;;S;;;;4.1.9.01;;;;;;;CUSTOS DAS VENDAS IMOBILIARIAS;;;;;;;4;
10739;;;;;;;4.1.9.01.000001;;;;;;;;CUSTOS DAS VENDAS IMOBILIARIAS;;;;;;5;
295;;;S;;;;4.2;;;;;DESPESAS OPERACIONAIS;;;;;;;;;2;
296;;;S;;;;4.2.1;;;;;;DESPESAS COM VENDAS;;;;;;;;3;
297;;;S;;;;4.2.1.01;;;;;;;DESPESAS COM PESSOAL;;;;;;;4;
298;;;;;;;4.2.1.01.000001;;;;;;;;SALµRIOS E ORDENADOS;;;;;;5;
299;;;;;;;4.2.1.01.000002;;;;;;;;PR‡-LABORE;;;;;;5;
300;;;;;;;4.2.1.01.000003;;;;;;;;PR“MIOS E GRATIFICAÄÂES;;;;;;5;
301;;;;;;;4.2.1.01.000004;;;;;;;;13ß SALµRIO;;;;;;5;
302;;;;;;;4.2.1.01.000005;;;;;;;;FêRIAS;;;;;;5;
303;;;;;;;4.2.1.01.000006;;;;;;;;INSS;;;;;;5;
304;;;;;;;4.2.1.01.000007;;;;;;;;FGTS;;;;;;5;
305;;;;;;;4.2.1.01.000008;;;;;;;;INDENIZAÄÂES E AVISO PRêVIO;;;;;;5;
306;;;;;;;4.2.1.01.000009;;;;;;;;ASSIST“NCIA MêDICA E SOCIAL;;;;;;5;
498;;;;;;;4.2.1.01.000010;;;;;;;;PIS S/ FOLHA;;;;;;5;
665;;;;;;;4.2.1.01.000011;;;;;;;;VALE TRANSPORTE;;;;;;5;
666;;;;;;;4.2.1.01.000012;;;;;;;;DESPESAS COM ALIMENTACAO / VALE REFEICAO ;;;;;;5;
667;;;;;;;4.2.1.01.000013;;;;;;;;HORAS EXTRAS;;;;;;5;
668;;;;;;;4.2.1.01.000014;;;;;;;;CONTRIBUICAO ASSISTENCIAL ;;;;;;5;
669;;;;;;;4.2.1.01.000015;;;;;;;;VALE TRANSPORTE ;;;;;;5;
670;;;;;;;4.2.1.01.000016;;;;;;;;SEGURO DE VIDA;;;;;;5;
671;;;;;;;4.2.1.01.000017;;;;;;;;TREINAMENTO ;;;;;;5;
672;;;;;;;4.2.1.01.000018;;;;;;;;BOLSA AUXILIO ;;;;;;5;
673;;;;;;;4.2.1.01.000019;;;;;;;;UNIFORMES E EPI'S;;;;;;5;
674;;;;;;;4.2.1.01.000020;;;;;;;;PLR;;;;;;5;
675;;;;;;;4.2.1.01.000021;;;;;;;;*****;;;;;;5;
676;;;;;;;4.2.1.01.000022;;;;;;;;*****;;;;;;5;
307;;;S;;;;4.2.1.02;;;;;;;COMISSÂES SOBRE VENDAS;;;;;;;4;
308;;;;;;;4.2.1.02.000001;;;;;;;;COMISSÂES;;;;;;5;
309;;;S;;;;4.2.1.03;;;;;;;PROPAGANDA E PUBLICIDADE;;;;;;;4;
310;;;;;;;4.2.1.03.000002;;;;;;;;AMOSTRAS GRµTIS;;;;;;5;
311;;;S;;;;4.2.1.04;;;;;;;DESPESAS COM ENTREGA;;;;;;;4;
312;;;;;;;4.2.1.04.000001;;;;;;;;FRETES E CARRETOS;;;;;;5;
313;;;;;;;4.2.1.04.000002;;;;;;;;MANUTENÄ«O DE VE÷CULOS;;;;;;5;
314;;;S;;;;4.2.1.05;;;;;;;DESPESAS COM VIAGENS E REPRESENTAÄÂES;;;;;;;4;
315;;;;;;;4.2.1.05.000001;;;;;;;;VIAGENS TERRESTRES;;;;;;5;
316;;;;;;;4.2.1.05.000002;;;;;;;;VIAGENS AêREAS;;;;;;5;
317;;;;;;;4.2.1.05.000003;;;;;;;;HOSPEDAGEM;;;;;;5;
318;;;;;;;4.2.1.05.000004;;;;;;;;REFEIÄÂES;;;;;;5;
319;;;S;;;;4.2.1.06;;;;;;;DESPESAS GERAIS;;;;;;;4;
320;;;;;;;4.2.1.06.000001;;;;;;;;ALUGUêIS;;;;;;5;
321;;;;;;;4.2.1.06.000002;;;;;;;;MANUTENÄ«O E REPARO;;;;;;5;
322;;;;;;;4.2.1.06.000003;;;;;;;;TELEFONE;;;;;;5;
323;;;;;;;4.2.1.06.000004;;;;;;;;DESPESAS POSTAIS E TELEGRµFICAS;;;;;;5;
324;;;;;;;4.2.1.06.000005;;;;;;;;DEPRECIAÄÂES E AMORTIZAÄÂES;;;;;;5;
325;;;;;;;4.2.1.06.000006;;;;;;;;SERVIÄOS PRESTADOS POR TERCEIROS;;;;;;5;
326;;;;;;;4.2.1.06.000007;;;;;;;;SEGUROS;;;;;;5;
327;;;S;;;;4.2.1.07;;;;;;;PERDAS NO RECEBIMENTO DE CRêDITOS;;;;;;;4;
328;;;;;;;4.2.1.07.000001;;;;;;;;CRêDITOS VENCIDOS E N«O LIQUIDADOS;;;;;;5;
329;;;S;;;;4.2.2;;;;;;DESPESAS ADMINISTRATIVAS;;;;;;;;3;
330;;;S;;;;4.2.2.01;;;;;;;DESPESAS COM PESSOAL;;;;;;;4;
331;;;;;;;4.2.2.01.000001;;;;;;;;SALµRIOS E ORDENADOS;;;;;;5;
332;;;;;;;4.2.2.01.000002;;;;;;;;PR‡-LABORE;;;;;;5;
333;;;;;;;4.2.2.01.000003;;;;;;;;PR“MIOS E GRATIFICAÄÂES;;;;;;5;
334;;;;;;;4.2.2.01.000004;;;;;;;;13ß SALµRIO;;;;;;5;
335;;;;;;;4.2.2.01.000005;;;;;;;;FêRIAS;;;;;;5;
336;;;;;;;4.2.2.01.000006;;;;;;;;INSS;;;;;;5;
337;;;;;;;4.2.2.01.000007;;;;;;;;FGTS;;;;;;5;
338;;;;;;;4.2.2.01.000008;;;;;;;;INDENIZAÄÂES E AVISO PRêVIO;;;;;;5;
339;;;;;;;4.2.2.01.000009;;;;;;;;ASSIST“NCIA MêDICA E SOCIAL;;;;;;5;
492;;;;;;;4.2.2.01.000010;;;;;;;;PIS S/ FOLHA;;;;;;5;
499;;;;;;;4.2.2.01.000011;;;;;;;;VALE TRANSPORTE;;;;;;5;
521;;;;;;;4.2.2.01.000012;;;;;;;;DESPESAS COM ALIMENTACAO / VALE REFEICAO ;;;;;;5;
677;;;;;;;4.2.2.01.000013;;;;;;;;HORAS EXTRAS;;;;;;5;
678;;;;;;;4.2.2.01.000014;;;;;;;;CONTRIBUICAO ASSISTENCIAL ;;;;;;5;
679;;;;;;;4.2.2.01.000015;;;;;;;;VALE TRANSPORTE;;;;;;5;
680;;;;;;;4.2.2.01.000016;;;;;;;;SEGURO DE VIDA;;;;;;5;
681;;;;;;;4.2.2.01.000017;;;;;;;;TREINAMENTO ;;;;;;5;
682;;;;;;;4.2.2.01.000018;;;;;;;;BOLSA AUXILIO;;;;;;5;
683;;;;;;;4.2.2.01.000019;;;;;;;;UNIFORMES E EPI'S;;;;;;5;
684;;;;;;;4.2.2.01.000020;;;;;;;;PLR;;;;;;5;
685;;;;;;;4.2.2.01.000021;;;;;;;;*****;;;;;;5;
686;;;;;;;4.2.2.01.000022;;;;;;;;*****;;;;;;5;
340;;;S;;;;4.2.2.02;;;;;;;ALUGUêIS E ARRENDAMENTOS;;;;;;;4;
341;;;;;;;4.2.2.02.000001;;;;;;;;ALUGUêIS DE IM‡VEIS;;;;;;5;
342;;;;;;;4.2.2.02.000002;;;;;;;;ALUGUêIS DE MµQUINAS E EQUIPAMENTOS;;;;;;5;
343;;;;;;;4.2.2.02.000003;;;;;;;;ARRENDAMENTO DE IM‡VEIS;;;;;;5;
344;;;;;;;4.2.2.02.000004;;;;;;;;ARRENDAMENTO MERCANTIL (LEASING);;;;;;5;
1048;;;;;;;4.2.2.02.000005;;;;;;;;ALUGUEIS DE VEICULOS;;;;;;5;
345;;;S;;;;4.2.2.03;;;;;;;IMPOSTOS, TAXAS E CONTRIBUIÄÂES;;;;;;;4;
346;;;;;;;4.2.2.03.000001;;;;;;;;PIS;;;;;;5;
347;;;;;;;4.2.2.03.000002;;;;;;;;COFINS;;;;;;5;
348;;;;;;;4.2.2.03.000003;;;;;;;;IPTU;;;;;;5;
349;;;;;;;4.2.2.03.000004;;;;;;;;IPVA;;;;;;5;
350;;;;;;;4.2.2.03.000005;;;;;;;;TAXAS DIVERSAS;;;;;;5;
351;;;;;;;4.2.2.03.000006;;;;;;;;CPMF;;;;;;5;
352;;;;;;;4.2.2.03.000007;;;;;;;;MULTAS DE MORA;;;;;;5;
687;;;;;;;4.2.2.03.000008;;;;;;;;TFE - TAXA DE FISCALIZAÄ«O DE ESTABELECIMENTO;;;;;;5;
688;;;;;;;4.2.2.03.000009;;;;;;;;TFA - TAXA DE FISCALIZAÄ«O DE ANUNCIO;;;;;;5;
689;;;;;;;4.2.2.03.000010;;;;;;;;ICMS S/ OUTRAS OPERAÄÂES;;;;;;5;
690;;;;;;;4.2.2.03.000011;;;;;;;;IPI S/ OUTRAS OPERAÄÂES;;;;;;5;
353;;;S;;;;4.2.2.04;;;;;;;DESPESAS GERAIS;;;;;;;4;
354;;;;;;;4.2.2.04.000001;;;;;;;;ENERGIA ELêTRICA;;;;;;5;
355;;;;;;;4.2.2.04.000002;;;;;;;;µGUA E ESGOTO;;;;;;5;
356;;;;;;;4.2.2.04.000003;;;;;;;;TELEFONE;;;;;;5;
357;;;;;;;4.2.2.04.000004;;;;;;;;DESPESAS POSTAIS E TELEGRµFICAS;;;;;;5;
358;;;;;;;4.2.2.04.000005;;;;;;;;SEGUROS;;;;;;5;
359;;;;;;;4.2.2.04.000006;;;;;;;;MATERIAL DE ESCRIT‡RIO;;;;;;5;
360;;;;;;;4.2.2.04.000007;;;;;;;;MATERIAL DE HIGIENE E LIMPEZA;;;;;;5;
1016;;;;;;;4.2.2.04.000008;;;;;;;;CONFRATERNIZACOES;;;;;;5;
363;;;;;;;4.2.2.04.000010;;;;;;;;DEPRECIAÄÂES E AMORTIZAÄÂES;;;;;;5;
364;;;;;;;4.2.2.04.000011;;;;;;;;REPRODUÄÂES;;;;;;5;
365;;;;;;;4.2.2.04.000012;;;;;;;;DESPESAS LEGAIS E JUDICIAIS;;;;;;5;
366;;;;;;;4.2.2.04.000013;;;;;;;;LIVROS, JORNAIS E REVISTAS;;;;;;5;
493;;;;;;;4.2.2.04.000014;;;;;;;;MULTA DE TR∂NSITO;;;;;;5;
532;;;;;;;4.2.2.04.000015;;;;;;;;COMBUST÷VEIS E LUBRIFICANTES;;;;;;5;
533;;;;;;;4.2.2.04.000016;;;;;;;;MATERIAIS DE CONSUMO;;;;;;5;
691;;;;;;;4.2.2.04.000017;;;;;;;;CONDOMINIOS;;;;;;5;
692;;;;;;;4.2.2.04.000018;;;;;;;;ASSINATURAS E LICENCA (T.I);;;;;;5;
693;;;;;;;4.2.2.04.000019;;;;;;;;CONSELHOS DE CLASSE;;;;;;5;
694;;;;;;;4.2.2.04.000020;;;;;;;;ESTACIONAMENTOS E PEDµGIOS;;;;;;5;
695;;;;;;;4.2.2.04.000021;;;;;;;;BENS DE NATUREZA PERMANENTE;;;;;;5;
696;;;;;;;4.2.2.04.000022;;;;;;;;MEDICAMENTOS;;;;;;5;
697;;;;;;;4.2.2.04.000023;;;;;;;;COPA;;;;;;5;
698;;;;;;;4.2.2.04.000024;;;;;;;;ANUNCIOS E PUBLICAÄÂES;;;;;;5;
699;;;;;;;4.2.2.04.000025;;;;;;;;AMORTIZAÄÂES;;;;;;5;
700;;;;;;;4.2.2.04.000026;;;;;;;;CART‡RIO;;;;;;5;
701;;;;;;;4.2.2.04.000027;;;;;;;;GµS;;;;;;5;
702;;;;;;;4.2.2.04.000028;;;;;;;;CONDUÄÂES;;;;;;5;
703;;;;;;;4.2.2.04.000029;;;;;;;;REFEIÄÂES;;;;;;5;
704;;;;;;;4.2.2.04.000030;;;;;;;;MANUTENÄ«O E REPARO;;;;;;5;
705;;;;;;;4.2.2.04.000031;;;;;;;;VIAGENS E ESTADIAS - NACIONAIS;;;;;;5;
706;;;;;;;4.2.2.04.000032;;;;;;;;VIAGENS E ESTADIAS - INTERNACIONAIS;;;;;;5;
707;;;;;;;4.2.2.04.000033;;;;;;;;MANUTENÄ«O DE VE÷CULOS;;;;;;5;
708;;;;;;;4.2.2.04.000034;;;;;;;;FRETES E CARRETOS;;;;;;5;
10740;;;;;;;4.2.2.04.000035;;;;;;;;RECARGA DE TELEFONIA MOVEL;;;;;;5;
566;;;S;;;;4.2.2.05;;;;;;;SERVICOS TOMADOS DE PJ;;;;;;;4;
567;;;;;;;4.2.2.05.000001;;;;;;;;SERVS. DE PUBLICIDADE E PROPAGANDA;;;;;;5;
568;;;;;;;4.2.2.05.000002;;;;;;;;SERVS. MEDICINAIS;;;;;;5;
569;;;;;;;4.2.2.05.000003;;;;;;;;SERVS. SEGURANCA DO TRABALHO;;;;;;5;
570;;;;;;;4.2.2.05.000004;;;;;;;;SERVS. ASSIST. TECNICA;;;;;;5;
571;;;;;;;4.2.2.05.000005;;;;;;;;SERVS. DE MANUTENCAO E REPARO;;;;;;5;
572;;;;;;;4.2.2.05.000006;;;;;;;;SERVS. DE DEDETIZACAO;;;;;;5;
573;;;;;;;4.2.2.05.000007;;;;;;;;SERVS. ADVOCATICIOS;;;;;;5;
361;;;;;;;4.2.2.05.000008;;;;;;;;SERVS. DE CONTABILIDADE;;;;;;5;
574;;;;;;;4.2.2.05.000009;;;;;;;;SERVS. DE TRANSPORTE;;;;;;5;
575;;;;;;;4.2.2.05.000010;;;;;;;;SERVS. SISTEMAS E MONITORAMENTO;;;;;;5;
576;;;;;;;4.2.2.05.000011;;;;;;;;SERVS. DE MOTOBOY;;;;;;5;
577;;;;;;;4.2.2.05.000012;;;;;;;;SERVS. DE COLETA DE RESIDUOS;;;;;;5;
578;;;;;;;4.2.2.05.000013;;;;;;;;SERVS. DE ASSESSORIA E CONSULTORIA;;;;;;5;
579;;;;;;;4.2.2.05.000014;;;;;;;;SERVS. DE ASSESSORIA ADUANEIRA;;;;;;5;
580;;;;;;;4.2.2.05.000015;;;;;;;;SERVS. GRAFICOS;;;;;;5;
581;;;;;;;4.2.2.05.000016;;;;;;;;SERVS. DE RECRUTAMENTO E SELECAO - PJ;;;;;;5;
582;;;;;;;4.2.2.05.000017;;;;;;;;SERVS. ENGENHARIA;;;;;;5;
583;;;;;;;4.2.2.05.000018;;;;;;;;SERVS. ADMINISTRACAO DE CARTOES;;;;;;5;
584;;;;;;;4.2.2.05.000019;;;;;;;;SERVS. XEROX, PLASTIFICACAO, ENCADERNACAO;;;;;;5;
585;;;;;;;4.2.2.05.000020;;;;;;;;SERVS. CERTIFICADO DIGITAL;;;;;;5;
586;;;;;;;4.2.2.05.000021;;;;;;;;SERVS. ADMINISTRATIVOS;;;;;;5;
587;;;;;;;4.2.2.05.000022;;;;;;;;SERVS. MANUTENCAO DE INFORMATICA;;;;;;5;
561;;;;;;;4.2.2.05.000023;;;;;;;;SERVS. DE LIMPEZA E CONSERVAÄ«O;;;;;;5;
588;;;;;;;4.2.2.05.000024;;;;;;;;SERVS. ENSINO DE IDIOMAS/TREINAMENTO;;;;;;5;
589;;;;;;;4.2.2.05.000025;;;;;;;;SERVS. AGENCIAMENTO E CORRETAGEM;;;;;;5;
590;;;;;;;4.2.2.05.000026;;;;;;;;SERVS. ESTACIONAMENTO;;;;;;5;
591;;;;;;;4.2.2.05.000027;;;;;;;;SERVS. CARTORIO;;;;;;5;
592;;;;;;;4.2.2.05.000028;;;;;;;;SERVS. MANUTENCAO DE VEICULOS;;;;;;5;
593;;;;;;;4.2.2.05.000029;;;;;;;;SERVS. MANUTENCAO DE TELEFONIA;;;;;;5;
594;;;;;;;4.2.2.05.000030;;;;;;;;SERVS. MANUTENCAO DE PONTO ELETRONICO;;;;;;5;
595;;;;;;;4.2.2.05.000031;;;;;;;;SERVS. AUDITORIA;;;;;;5;
362;;;;;;;4.2.2.05.000032;;;;;;;;SERVIÄOS PRESTADOS POR TERCEIROS;;;;;;5;
367;;;S;;;;4.2.2.06;;;;;;;DESPESAS FINANCEIRAS;;;;;;;4;
368;;;;;;;4.2.2.06.000001;;;;;;;;JUROS PASSIVOS;;;;;;5;
369;;;;;;;4.2.2.06.000002;;;;;;;;VARIAÄÂES MONETµRIAS PASSIVAS;;;;;;5;
370;;;;;;;4.2.2.06.000003;;;;;;;;VARIAÄÂES CAMBIAIS PASSIVAS;;;;;;5;
371;;;;;;;4.2.2.06.000004;;;;;;;;DESCONTOS FINANCEIROS CONCEDIDOS;;;;;;5;
372;;;;;;;4.2.2.06.000005;;;;;;;;JUROS DE MORA;;;;;;5;
373;;;;;;;4.2.2.06.000006;;;;;;;;JUROS SOBRE CAPITAL PR‡PRIO;;;;;;5;
374;;;;;;;4.2.2.06.000007;;;;;;;;JUROS E COMISSÂES BANCµRIAS;;;;;;5;
375;;;;;;;4.2.2.06.000008;;;;;;;;JUROS SOBRE EMPRêSTIMOS E FINANCIAMENTOS;;;;;;5;
525;;;;;;;4.2.2.06.000009;;;;;;;;MULTAS PASSIVAS;;;;;;5;
526;;;;;;;4.2.2.06.000010;;;;;;;;MULTAS DE MORA;;;;;;5;
535;;;;;;;4.2.2.06.000011;;;;;;;;TARIFA BANCµRIA;;;;;;5;
538;;;;;;;4.2.2.06.000012;;;;;;;;DESCONTO TAXA CARTAO DE CREDITO;;;;;;5;
709;;;;;;;4.2.2.06.000013;;;;;;;;PERDAS DE APLICAÄÂES FINANCEIRAS;;;;;;5;
519;;;;;;;4.2.2.06.000014;;;;;;;;IOF ;;;;;;5;
887;;;;;;;4.2.2.06.000015;;;;;;;;DESAGIO DESCONTOS DE DUPLICATAS;;;;;;5;
939;;;;;;;4.2.2.06.000016;;;;;;;;IRRF S/ APLICACAO FINANCEIRA;;;;;;5;
376;;;S;;;;4.2.2.07;;;;;;;OUTRAS DESPESAS OPERACIONAIS;;;;;;;4;
377;;;;;;;4.2.2.07.000001;;;;;;;;PROVISÂES P/ PERDAS E A JUSTES DE ATIVOS;;;;;;5;
378;;;;;;;4.2.2.07.000002;;;;;;;;EQUIVAL“NCIA  PATRIMONIAL;;;;;;5;
379;;;;;;;4.2.2.07.000003;;;;;;;;AMORTIZAÄ«O DE µGIO;;;;;;5;
710;;;S;;;;4.2.2.08;;;;;;;DESPESAS N«O DEDUTIVEIS;;;;;;;4;
711;;;;;;;4.2.2.08.000001;;;;;;;;OUTRAS DESPESAS INDEDUTIVEIS;;;;;;5;
712;;;;;;;4.2.2.08.000002;;;;;;;;DOAÄÂES;;;;;;5;
713;;;;;;;4.2.2.08.000003;;;;;;;;BRINDES;;;;;;5;
714;;;;;;;4.2.2.08.000004;;;;;;;;MULTAS;;;;;;5;
715;;;;;;;4.2.2.08.000005;;;;;;;;MULTA DE TR∂NSITO;;;;;;5;
380;;;S;;;;4.3;;;;;DESPESAS N«O OPERACIONAIS;;;;;;;;;2;
381;;;S;;;;4.3.1;;;;;;RESULTADOS N«O OPERACIONAIS;;;;;;;;3;
383;;;S;;;;4.3.1.01;;;;;;;RESULTADOS NEGATIVOS NA ALIEN. DE INVEST;;;;;;;4;
384;;;;;;;4.3.1.01.000001;;;;;;;;PERDAS NA ALIENAÄ«O EM PAR. EM COLIGADAS;;;;;;5;
385;;;S;;;;4.3.1.02;;;;;;;RESULTADO NEGATIVO NA ALIENAÄ«O DO IMOB.;;;;;;;4;
386;;;;;;;4.3.1.02.000001;;;;;;;;PERDAS NA ALIENAÄ«O DE IM‡VEIS;;;;;;5;
387;;;;;;;4.3.1.02.000002;;;;;;;;PERDAS NA ALIENAÄ«O DE M‡VEIS E UTENS.;;;;;;5;
388;;;;;;;4.3.1.02.000003;;;;;;;;PERDAS NA ALIENAÄ«O DE MAQ. EQUIPAMENTOS;;;;;;5;
389;;;;;;;4.3.1.02.000004;;;;;;;;PERDAS NA ALIENAÄ«O DE VE÷CULOS;;;;;;5;
550;;;;;;;4.3.1.02.000005;;;;;;;;PERDAS NA ALIENAÄ«O DE FERRAMENTAS E ACESSORIOS;;;;;;5;
552;;;;;;;4.3.1.02.000006;;;;;;;;PERDAS NA ALIENAÄ«O DE COMPUTADORES E ACESSORIOS;;;;;;5;
554;;;;;;;4.3.1.02.000007;;;;;;;;PERDAS NA ALIENAÄ«O DE INSTALAÄÂES;;;;;;5;
716;;;;;;;4.3.1.02.000008;;;;;;;;PERDAS NA ALIENAÄ«O DE MARCAS, DIR. E PAT;;;;;;5;
717;;;;;;;4.3.1.02.000009;;;;;;;;PERDAS NA ALIENAÄ«O DE SOFTWARES;;;;;;5;
718;;;;;;;4.3.1.02.000010;;;;;;;;PERDAS NA ALIENAÄ«O DE EMBARCAÄÂES;;;;;;5;
719;;;;;;;4.3.1.02.000011;;;;;;;;PERDAS NA ALIENAÄ«O DE AERONAVES;;;;;;5;
390;;;S;;;;4.3.1.03;;;;;;;RESULTADO NEGATIVO DE SINISTRO COM IMOB.;;;;;;;4;
391;;;;;;;4.3.1.03.000001;;;;;;;;PERDAS EM SINISTROS COM IMOBILIZADO;;;;;;5;
392;;;S;;;;4.3.1.04;;;;;;;OUTRAS BAIXAS DO ATIVO PERMANENTE;;;;;;;4;
393;;;;;;;4.3.1.04.000001;;;;;;;;BAIXAS DE INVESTIMENTOS PERMANENTES;;;;;;5;
394;;;;;;;4.3.1.04.000002;;;;;;;;BAIXAS DE IMOBILIZADO;;;;;;5;
395;;;;;;;4.3.1.04.000003;;;;;;;;BAIXAS DE ATIVO DIFERIDO;;;;;;5;
396;;;S;;;;4.3.1.05;;;;;;;PROVISÂES PARA PERDAS PERMANENTE;;;;;;;4;
397;;;;;;;4.3.1.05.000001;;;;;;;;CONTROLADAS E COLIGADAS - EQUIV. PATRIM.;;;;;;5;
398;;;;;;;4.3.1.05.000002;;;;;;;;CONTROLAS E COLIGADAS - CUSTO CORRIGIDO;;;;;;5;
399;;;;;;;4.3.1.05.000003;;;;;;;;OUTRAS PARTICIPAÄÂES SOCIETµRIAS;;;;;;5;
400;;;S;;;;4.3.1.06;;;;;;;PERDAS;;;;;;;4;
401;;;;;;;4.3.1.06.000001;;;;;;;;PERDAS POR FALTA NO INVENTµRIO;;;;;;5;
507;;;;;;;4.3.1.06.000002;;;;;;;;PERDA DE CRêDITO DE ICMS S/ IMOBILIZADO;;;;;;5;
556;;;S;;;;4.3.1.07;;;;;;;PROVISAO DE IRPJ E CSLL;;;;;;;4;
557;;;;;;;4.3.1.07.000001;;;;;;;;PROVISAO IRPJ;;;;;;5;
558;;;;;;;4.3.1.07.000002;;;;;;;;PROVISAO CSLL ;;;;;;5;
478;;;;;;;4.3.1.07.000003;;;;;;;;IMPOSTO DE RENDA;;;;;;5;
477;;;;;;;4.3.1.07.000004;;;;;;;;CONTRIBUIÄ«O SOCIAL;;;;;;5;
460;;;S;;;;5;;;;CONTAS DE APURAÄ«O;;;;;;;;;;1;
461;;;S;;;;5.1;;;;;CUSTOS DOS PRODUTOS E SERVIÄOS VENDIDOS;;;;;;;;;2;
471;;;S;;;;5.1.1;;;;;;APURAÄ«O DO RESULTADO DO EXERC÷CIO;;;;;;;;3;
472;;;S;;;;5.1.1.01;;;;;;;APURAÄ«O DO RESULTADO DO EXERC÷CIO;;;;;;;4;
473;;;;;;;5.1.1.01.000001;;;;;;;;RESULTADO DO EXERC÷CIO;;;;;;5;
873;;;;;;;6;;;;CONTAS DE COMPENSAÄ«O;;;;;;;;;;1;
874;;;;;;;6.1;;;;;CONTAS DE COMPENSACAO;;;;;;;;;2;
875;;;;;;;6.1.1;;;;;;COMPENSACAO DO ATIVO ;;;;;;;;3;
876;;;;;;;6.1.1.01;;;;;;;SIMPLES REMESSA;;;;;;;4;
877;;;;;;;6.1.1.01.000001;;;;;;;;SIMPLES REMESSA P/ CONSERTO ;;;;;;5;
878;;;;;;;6.1.1.01.000002;;;;;;;;SIMPLES REMESSA;;;;;;5;
879;;;;;;;6.1.1.01.000003;;;;;;;;SIMPLES REMESSA P/ INDUSTRIALIZACAO ;;;;;;5;
880;;;;;;;6.1.1.01.000004;;;;;;;;SIMPLES REMESSA P/ DEMONSTRACAO ;;;;;;5;
881;;;;;;;6.1.1.01.000005;;;;;;;;SIMPLES REMESSA P/ EXPOSICAO OU FEIRA;;;;;;5;
986;;;;;;;6.1.1.01.000006;;;;;;;;SIMPLES REMESSA P/ TROCA EM GARANTIA ;;;;;;5;
882;;;S;;;;6.1.2;;;;;;COMPENSACAO DO PASSIVO;;;;;;;;3;
883;;;S;;;;6.1.2.01;;;;;;;RETORNO DE SIMPLES REMESSA;;;;;;;4;
884;;;;;;;6.1.2.01.000001;;;;;;;;RETORNO DE SIMPLES REMESSA P/ CONSERTO;;;;;;5;
885;;;;;;;6.1.2.01.000002;;;;;;;;RETORNO DE SIMPLES REMESSA;;;;;;5;
917;;;;;;;6.1.2.01.000003;;;;;;;;RETORNO SIMPLES REMESSA P/ INDUSTRIALIZACAO ;;;;;;5;
918;;;;;;;6.1.2.01.000004;;;;;;;;RETORNO DE SIMPLES REMESSA P/ DEMONSTRACAO ;;;;;;5;
919;;;;;;;6.1.2.01.000005;;;;;;;;RETORNO DE SIMPLES REMESSA P/ EXPOSICAO OU FEIRA;;;;;;5;
987;;;;;;;6.1.2.01.000006;;;;;;;;RETORNO SIMPLES REMESSA P/ TROCA EM GARANTIA ;;;;;;5;
;;;;;;;;;;;;;;;;;;;;;;
Sistema licenciado para GARD CENTRAL CONTABIL LTDA - ME;;;;;;;;;;;;;;;;;;;;;;
